method,scope,repeat,fold,auc,bce,f1,balanced_accuracy,selected_encoder_epoch,selected_classifier_epoch,selected_residual_epoch,threshold_hc,dynamic_dim,window_tokens,min_valid_tokens,mean_valid_tokens,min_windows,mean_windows,max_windows,mean_edge_switch,std_edge_switch,dynamic_head_l2,task_seconds,n_test,status
baseline,internal_fold,0,0,0.7386018237082066,0.5960367958803499,0.54320987654321,0.5911854103343466,49.0,21.0,nan,0.4415242373943329,nan,nan,nan,nan,nan,nan,nan,nan,nan,nan,417.8820331096649,89,PASS
pretransformer_edge_residual,internal_fold,0,0,0.7573454913880446,0.5874138895658719,0.5526315789473684,0.6281661600810537,49.0,21.0,1.0,0.40621867775917053,73536.0,15.0,93.53866666666667,121.8480000813802,5.658666666666667,7.414666676839193,9.488,0.34075203943252563,0.12666334561506906,0.01355859637260437,417.8820309638977,89,PASS
baseline,internal_fold,0,1,0.7396149949341438,0.6160829413325719,0.6590909090909092,0.6656534954407295,17.0,11.0,nan,0.4322790503501892,nan,nan,nan,nan,nan,nan,nan,nan,nan,nan,318.6125838756561,89,PASS
pretransformer_edge_residual,internal_fold,0,1,0.7021276595744681,0.619253094607671,0.7241379310344828,0.6253799392097265,17.0,11.0,15.0,0.5410239100456238,73536.0,15.0,93.53866666666667,121.5506669921875,5.658666666666667,7.3946666844685875,9.488,0.19479962197939554,0.0906545625726382,0.09732839465141296,318.61258268356323,89,PASS
baseline,internal_fold,0,2,0.7712215320910973,0.5923348065676177,0.7378640776699029,0.6868530020703933,40.0,64.0,nan,0.5149646997451782,nan,nan,nan,nan,nan,nan,nan,nan,nan,nan,367.3467381000519,88,PASS
pretransformer_edge_residual,internal_fold,0,2,0.7712215320910973,0.5923348139103736,0.7378640776699029,0.6868530020703933,40.0,64.0,0.0,0.5149646997451782,73536.0,15.0,93.53866666666667,121.2826669108073,5.658666666666667,7.372000012715658,9.488,0.21686518732706705,0.09540237291653951,0.0,367.34673714637756,88,PASS
baseline,internal_fold,0,3,0.753623188405797,0.590618485072056,0.5507246376811594,0.6589026915113871,36.0,48.0,nan,0.34092989563941956,nan,nan,nan,nan,nan,nan,nan,nan,nan,nan,314.32930612564087,88,PASS
pretransformer_edge_residual,internal_fold,0,3,0.753623188405797,0.590618488009842,0.5507246376811594,0.6589026915113871,36.0,48.0,0.0,0.34092989563941956,73536.0,15.0,93.53866666666667,121.37066680908202,5.658666666666667,7.38400001780192,9.488,0.34685380760828655,0.13187737715244294,0.0,314.3293044567108,88,PASS
baseline,internal_fold,0,4,0.6319875776397516,0.6834381475269287,0.6538461538461539,0.5838509316770186,23.0,49.0,nan,0.5485628247261047,nan,nan,nan,nan,nan,nan,nan,nan,nan,nan,372.2409975528717,88,PASS
pretransformer_edge_residual,internal_fold,0,4,0.6444099378881988,0.687411944456228,0.6666666666666667,0.59472049689441,23.0,49.0,1.0,0.5411071181297302,73536.0,15.0,93.53866666666667,121.8079999593099,5.658666666666667,7.410666684468588,9.488,0.2591051568190257,0.11218201247851053,0.013558560982346535,372.24099683761597,88,PASS
baseline,internal_fold,0,5,0.7187337830825117,0.6241625305500059,0.6666666666666666,0.6743642968344576,42.0,44.0,nan,0.3853285312652588,nan,nan,nan,nan,nan,nan,nan,nan,nan,nan,309.92220544815063,88,PASS
pretransformer_edge_residual,internal_fold,0,5,0.7187337830825117,0.6241625308532451,0.6666666666666666,0.6743642968344576,42.0,44.0,0.0,0.3853285014629364,73536.0,15.0,93.53866666666667,121.65866701253255,5.658666666666667,7.4013333384195965,9.488,0.3428982476393382,0.1275303169488907,0.0,309.9222047328949,88,PASS
baseline,internal_fold,0,6,0.7337830825116762,0.6055110896259933,0.6666666666666666,0.6606123508043591,34.0,26.0,nan,0.40663376450538635,nan,nan,nan,nan,nan,nan,nan,nan,nan,nan,324.4428873062134,88,PASS
pretransformer_edge_residual,internal_fold,0,6,0.7337830825116762,0.6055110911825982,0.6666666666666666,0.6606123508043591,34.0,26.0,0.0,0.40663376450538635,73536.0,15.0,93.53866666666667,121.66000004069011,5.658666666666667,7.404000011444092,9.488,0.334814465602239,0.12565839187304179,0.0,324.44288635253906,88,PASS
baseline,internal_fold,0,7,0.7259989621172808,0.617143646987061,0.7102803738317757,0.6359626362221069,44.0,44.0,nan,0.6017799377441406,nan,nan,nan,nan,nan,nan,nan,nan,nan,nan,376.2369496822357,88,PASS
pretransformer_edge_residual,internal_fold,0,7,0.7259989621172808,0.6171436473092298,0.7102803738317757,0.6359626362221069,44.0,44.0,0.0,0.6017799377441406,73536.0,15.0,93.53866666666667,121.74400022379557,5.658666666666667,7.4093333524068195,9.488,0.3424651157061259,0.12862690313657124,0.0,376.23694825172424,88,PASS
baseline,internal_fold,0,8,0.7727036844836535,0.5795886663586616,0.6829268292682927,0.7125064867669952,47.0,35.0,nan,0.3991352319717407,nan,nan,nan,nan,nan,nan,nan,nan,nan,nan,331.0949647426605,88,PASS
pretransformer_edge_residual,internal_fold,0,8,0.7529839128178516,0.5914674106017074,0.6813186813186813,0.6712506486766996,47.0,35.0,3.0,0.4467885196208954,73536.0,15.0,93.53866666666667,121.3800000406901,5.658666666666667,7.378666678110759,9.488,0.3336293284098307,0.1319134711821874,0.03327785059809685,331.0949640274048,88,PASS
baseline,internal_fold,0,9,0.6621691748832382,0.6663587302640813,0.5977011494252874,0.6058640373637779,21.0,52.0,nan,0.43552035093307495,nan,nan,nan,nan,nan,nan,nan,nan,nan,nan,359.3496081829071,88,PASS
pretransformer_edge_residual,internal_fold,0,9,0.6626881162428646,0.6651224897051936,0.6153846153846154,0.6027503892060198,21.0,52.0,1.0,0.45345985889434814,73536.0,15.0,93.53866666666667,121.54533337402344,5.658666666666667,7.396000011444092,9.488,0.3459255140622457,0.12911859520276386,0.013558479025959969,359.3496069908142,88,PASS
baseline,internal_oof,0,all,0.7203271329429066,0.6171024871561925,0.6525612472160357,0.6474394365470446,35.3,39.4,nan,nan,nan,nan,nan,nan,nan,nan,nan,nan,nan,nan,nan,882,PASS
pretransformer_edge_residual,internal_oof,0,all,0.7206986403859549,0.6180105829954038,0.66524064171123,0.6438198188901215,35.3,39.4,2.1,nan,73536.0,15.0,93.53866666666667,121.58480014444986,5.658666666666667,7.39653334681193,9.488,0.30581084845860806,0.1199627349078655,nan,nan,882,PASS
baseline,caltech,0,external,0.7485380116959064,0.5869416659066351,0.6060606060606061,0.652046783625731,1.0,37.0,nan,0.3713821470737457,nan,nan,nan,nan,nan,nan,nan,nan,nan,nan,295.4645047187805,37,PASS
baseline,abide2,0,external,0.7212187964539061,0.6119962350758927,0.5945945945945945,0.6476319579767855,1.0,37.0,nan,0.3713821470737457,nan,nan,nan,nan,nan,nan,nan,nan,nan,nan,295.4645047187805,726,PASS
pretransformer_edge_residual,caltech,0,external,0.7543859649122807,0.5907190931630333,0.6486486486486486,0.6491228070175439,1.0,37.0,3.0,0.3952498733997345,73536.0,15.0,94.28653624856156,122.63981626662067,5.7054085155350975,7.463751454347845,9.558112773302646,0.3448037181748345,0.12879722770324922,0.02962075173854828,295.46450304985046,37,PASS
pretransformer_edge_residual,abide2,0,external,0.7211725832415488,0.6154120677520368,0.6222865412445732,0.6559772939083284,1.0,37.0,3.0,0.3952498733997345,73536.0,15.0,94.28653624856156,122.63981626662067,5.7054085155350975,7.463751454347845,9.558112773302646,0.3448037181748345,0.12879722770324922,0.02962075173854828,295.46450304985046,726,PASS
baseline,internal_fold,1,0,0.7695035460992908,0.5847436806822353,0.6444444444444444,0.6418439716312057,30.0,17.0,nan,0.4790738821029663,nan,nan,nan,nan,nan,nan,nan,nan,nan,nan,378.5174171924591,89,PASS
pretransformer_edge_residual,internal_fold,1,0,0.7477203647416413,0.5954800140350177,0.5999999999999999,0.648176291793313,30.0,17.0,2.0,0.41939687728881836,73536.0,15.0,93.53866666666667,121.39600030517578,5.658666666666667,7.378666670481364,9.488,0.3380920344988505,0.12779380935430526,0.021897967904806137,378.5174160003662,89,PASS
baseline,internal_fold,1,1,0.8257345491388045,0.5548276177363168,0.6111111111111112,0.6983282674772037,49.0,22.0,nan,0.3686138987541199,nan,nan,nan,nan,nan,nan,nan,nan,nan,nan,332.10898303985596,89,PASS
pretransformer_edge_residual,internal_fold,1,1,0.8140830800405269,0.5545399651697874,0.6881720430107526,0.6737588652482269,49.0,22.0,1.0,0.47252175211906433,73536.0,15.0,93.53866666666667,121.44666687011718,5.658666666666667,7.389333329518636,9.488,0.23674733626842498,0.10411632442474365,0.01355862244963646,332.10898208618164,89,PASS
baseline,internal_fold,1,2,0.7665631469979296,0.5832384645783689,0.688888888888889,0.6821946169772257,10.0,89.0,nan,0.46499064564704895,nan,nan,nan,nan,nan,nan,nan,nan,nan,nan,351.42922711372375,88,PASS
pretransformer_edge_residual,internal_fold,1,2,0.7417184265010353,0.6069935039383046,0.7378640776699029,0.6868530020703933,10.0,89.0,10.0,0.6104119420051575,73536.0,15.0,93.53866666666667,121.60799987792969,5.658666666666667,7.398666676839193,9.488,0.3417179594039917,0.1275728905995687,0.11171619594097137,351.4292252063751,88,PASS
baseline,internal_fold,1,3,0.7132505175983437,0.6183765908647737,0.7222222222222221,0.650103519668737,48.0,36.0,nan,0.5103002190589905,nan,nan,nan,nan,nan,nan,nan,nan,nan,nan,354.69066429138184,88,PASS
pretransformer_edge_residual,internal_fold,1,3,0.7132505175983437,0.6183765946865454,0.7222222222222221,0.650103519668737,48.0,36.0,0.0,0.5103002190589905,73536.0,15.0,93.53866666666667,121.45066687011719,5.658666666666667,7.386666685740153,9.488,0.345285884698232,0.12858621158202488,0.0,354.6906635761261,88,PASS
baseline,internal_fold,1,4,0.6423395445134575,0.6825497948367171,0.6607142857142857,0.556935817805383,42.0,31.0,nan,0.6297429203987122,nan,nan,nan,nan,nan,nan,nan,nan,nan,nan,354.0070436000824,88,PASS
pretransformer_edge_residual,internal_fold,1,4,0.6423395445134575,0.6825497947997622,0.6607142857142857,0.556935817805383,42.0,31.0,0.0,0.6297429203987122,73536.0,15.0,93.53866666666667,121.62133369954427,5.658666666666667,7.401333356221517,9.488,0.026041293640931447,0.013593424583474794,0.0,354.0070421695709,88,PASS
baseline,internal_fold,1,5,0.7010897768552152,0.6279065875996672,0.6938775510204082,0.6543850544888428,43.0,48.0,nan,0.4958442449569702,nan,nan,nan,nan,nan,nan,nan,nan,nan,nan,295.468008518219,88,PASS
pretransformer_edge_residual,internal_fold,1,5,0.7010897768552152,0.6279065882252478,0.6938775510204082,0.6543850544888428,43.0,48.0,0.0,0.4958442449569702,73536.0,15.0,93.53866666666667,121.63866697184245,5.658666666666667,7.401333330790202,9.488,0.26389373127619425,0.11223274896542232,0.0,295.46800780296326,88,PASS
baseline,internal_fold,1,6,0.6974571873378308,0.6183886116443243,0.6666666666666666,0.6331084587441619,46.0,52.0,nan,0.5094935894012451,nan,nan,nan,nan,nan,nan,nan,nan,nan,nan,332.60526299476624,88,PASS
pretransformer_edge_residual,internal_fold,1,6,0.6974571873378308,0.618388614071837,0.6666666666666666,0.6331084587441619,46.0,52.0,0.0,0.5094935894012451,73536.0,15.0,93.53866666666667,121.81600034586589,5.658666666666667,7.413333338419596,9.488,0.34901007580757143,0.13019270539283753,0.0,332.6052620410919,88,PASS
baseline,internal_fold,1,7,0.6772184743124028,0.6420453423863719,0.380952380952381,0.5788790866632071,13.0,8.0,nan,0.36461082100868225,nan,nan,nan,nan,nan,nan,nan,nan,nan,nan,286.04702281951904,88,PASS
pretransformer_edge_residual,internal_fold,1,7,0.6772184743124028,0.6420453445997437,0.380952380952381,0.5788790866632071,13.0,8.0,0.0,0.36461082100868225,73536.0,15.0,93.53866666666667,121.23866701253255,5.658666666666667,7.37066667175293,9.488,0.27383242662747703,0.1205483852426211,0.0,286.047021150589,88,PASS
baseline,internal_fold,1,8,0.7202906071613907,0.6174622773458838,0.7254901960784313,0.6741048261546445,47.0,50.0,nan,0.5000815987586975,nan,nan,nan,nan,nan,nan,nan,nan,nan,nan,307.8815553188324,88,PASS
pretransformer_edge_residual,internal_fold,1,8,0.724961079398028,0.6208641634955041,0.7083333333333333,0.6787752983912818,47.0,50.0,4.0,0.44968128204345703,73536.0,15.0,93.53866666666667,121.82933337402343,5.658666666666667,7.412000011444092,9.488,0.2854714438915253,0.11976034311453501,0.03266659751534462,307.8815538883209,88,PASS
baseline,internal_fold,1,9,0.7913855734302024,0.5716904971672997,0.7422680412371133,0.7122470160871821,34.0,17.0,nan,0.5119727849960327,nan,nan,nan,nan,nan,nan,nan,nan,nan,nan,279.04353737831116,88,PASS
pretransformer_edge_residual,internal_fold,1,9,0.7913855734302024,0.5716904969769663,0.7422680412371133,0.7122470160871821,34.0,17.0,0.0,0.5119727849960327,73536.0,15.0,93.53866666666667,121.66000020345052,5.658666666666667,7.404000003814697,9.488,0.3135083472728729,0.12488212976853053,0.0,279.04353642463684,88,PASS
baseline,internal_oof,1,all,0.7253166842960708,0.6100314786899217,0.665948275862069,0.6477025876525373,36.2,37.0,nan,nan,nan,nan,nan,nan,nan,nan,nan,nan,nan,nan,nan,882,PASS
pretransformer_edge_residual,internal_oof,1,all,0.7202394159077423,0.6137953594320769,0.6723044397463003,0.64649518846263,36.2,37.0,1.7,nan,73536.0,15.0,93.53866666666667,121.57053355305989,5.658666666666667,7.395600007502239,9.488,0.27736005333860714,0.11092789730280636,nan,nan,882,PASS
baseline,caltech,1,external,0.5877192982456141,0.6761222497591156,0.5,0.5146198830409356,29.0,22.0,nan,0.491696298122406,nan,nan,nan,nan,nan,nan,nan,nan,nan,nan,252.3460500240326,37,PASS
baseline,abide2,1,external,0.7409595403325812,0.6040965831590055,0.7356881851400732,0.6954587816656783,29.0,22.0,nan,0.491696298122406,nan,nan,nan,nan,nan,nan,nan,nan,nan,nan,252.3460500240326,726,PASS
pretransformer_edge_residual,caltech,1,external,0.6461988304093568,0.6558350536645254,0.6666666666666667,0.6476608187134503,29.0,22.0,5.0,0.5135929584503174,73536.0,15.0,94.28653624856156,122.40161148615618,5.7054085155350975,7.447640978151416,9.558112773302646,0.3311530169875493,0.1256821125025579,0.06344309449195862,252.34604859352112,37,PASS
pretransformer_edge_residual,abide2,1,external,0.7380481079540641,0.603532175872939,0.7378190255220418,0.6759298483436414,29.0,22.0,5.0,0.5135929584503174,73536.0,15.0,94.28653624856156,122.40161148615618,5.7054085155350975,7.447640978151416,9.558112773302646,0.3311530169875493,0.1256821125025579,0.06344309449195862,252.34604859352112,726,PASS
baseline,internal_fold,2,0,0.7304964539007092,0.6013420278781587,0.68,0.6355116514690984,33.0,34.0,nan,0.513870894908905,nan,nan,nan,nan,nan,nan,nan,nan,nan,nan,398.22433614730835,89,PASS
pretransformer_edge_residual,internal_fold,2,0,0.7304964539007092,0.6013420286532376,0.68,0.6355116514690984,33.0,34.0,0.0,0.513870894908905,73536.0,15.0,93.53866666666667,121.77866684977214,5.658666666666667,7.408000019073486,9.488,0.32366891225179034,0.1259643249710401,0.0,398.2243330478668,89,PASS
baseline,internal_fold,2,1,0.815096251266464,0.5384154695556994,0.7311827956989247,0.7188449848024316,21.0,53.0,nan,0.44563665986061096,nan,nan,nan,nan,nan,nan,nan,nan,nan,nan,325.38784670829773,89,PASS
pretransformer_edge_residual,internal_fold,2,1,0.814083080040527,0.5360683624623237,0.78,0.74822695035461,21.0,53.0,3.0,0.47190502285957336,73536.0,15.0,93.53866666666667,121.40933353678385,5.658666666666667,7.385333329518636,9.488,0.3315561232566834,0.12807141931851704,0.030846521258354187,325.38784527778625,89,PASS
baseline,internal_fold,2,2,0.69824016563147,0.6527140287758303,0.6788990825688073,0.5926501035196687,36.0,34.0,nan,0.5271471738815308,nan,nan,nan,nan,nan,nan,nan,nan,nan,nan,385.0871558189392,88,PASS
pretransformer_edge_residual,internal_fold,2,2,0.6718426501035197,0.7067529983773205,0.6902654867256638,0.5905797101449275,36.0,34.0,1.0,0.5335719585418701,73536.0,15.0,93.53866666666667,121.99466664632162,5.658666666666667,7.422666662851969,9.488,0.05769577577710152,0.030835834672053655,0.013558633625507355,385.0871534347534,88,PASS
baseline,internal_fold,2,3,0.7815734989648032,0.5872894833479889,0.6493506493506493,0.7003105590062111,37.0,21.0,nan,0.42236196994781494,nan,nan,nan,nan,nan,nan,nan,nan,nan,nan,355.8125126361847,88,PASS
pretransformer_edge_residual,internal_fold,2,3,0.7820910973084886,0.5847765447866387,0.6329113924050633,0.6765010351966874,37.0,21.0,1.0,0.4222746789455414,73536.0,15.0,93.53866666666667,121.64400028483072,5.658666666666667,7.401333349863688,9.488,0.3359156261285146,0.12885863465070724,0.013558640144765377,355.8125114440918,88,PASS
baseline,internal_fold,2,4,0.7153209109730849,0.6055326804925917,0.6315789473684211,0.6894409937888198,12.0,17.0,nan,0.39901643991470337,nan,nan,nan,nan,nan,nan,nan,nan,nan,nan,322.5334618091583,88,PASS
pretransformer_edge_residual,internal_fold,2,4,0.7153209109730849,0.6055326775557156,0.6315789473684211,0.6894409937888198,12.0,17.0,0.0,0.39901643991470337,73536.0,15.0,93.53866666666667,121.57866707356771,5.658666666666667,7.397333343505859,9.488,0.1831564295689265,0.08312753675381343,0.0,322.53346061706543,88,PASS
baseline,internal_fold,2,5,0.7560975609756098,0.5932370983552947,0.673469387755102,0.6315516346652829,14.0,21.0,nan,0.49669620394706726,nan,nan,nan,nan,nan,nan,nan,nan,nan,nan,293.750985622406,88,PASS
pretransformer_edge_residual,internal_fold,2,5,0.7560975609756098,0.593237100900229,0.673469387755102,0.6315516346652829,14.0,21.0,0.0,0.49669620394706726,73536.0,15.0,93.53866666666667,121.60266674804687,5.658666666666667,7.397333330790202,9.488,0.37925214409828184,0.14125594345728557,0.0,293.75098514556885,88,PASS
baseline,internal_fold,2,6,0.7057602490918526,0.6222465181050041,0.4761904761904763,0.6473793461338868,40.0,23.0,nan,0.3268372118473053,nan,nan,nan,nan,nan,nan,nan,nan,nan,nan,379.75532507896423,88,PASS
pretransformer_edge_residual,internal_fold,2,6,0.7099117799688635,0.6153563274275362,0.6875000000000001,0.6559418785677218,40.0,23.0,4.0,0.47634291648864746,73536.0,15.0,93.53866666666667,121.42933365885416,5.658666666666667,7.383999998728434,9.488,0.1159300144513448,0.057432497680187225,0.03356017917394638,379.7553243637085,88,PASS
baseline,internal_fold,2,7,0.6990140114167099,0.6217480079539737,0.6511627906976744,0.6637259989621173,32.0,26.0,nan,0.438615620136261,nan,nan,nan,nan,nan,nan,nan,nan,nan,nan,329.79304027557373,88,PASS
pretransformer_edge_residual,internal_fold,2,7,0.6990140114167099,0.6217480103104271,0.6511627906976744,0.6637259989621173,32.0,26.0,0.0,0.4386156499385834,73536.0,15.0,93.53866666666667,121.21866662597657,5.658666666666667,7.370666664123535,9.488,0.09326557064056397,0.04541422698895137,0.0,329.7930381298065,88,PASS
baseline,internal_fold,2,8,0.7000518941359626,0.6206491742317868,0.6363636363636364,0.6393357550596783,27.0,21.0,nan,0.43907395005226135,nan,nan,nan,nan,nan,nan,nan,nan,nan,nan,384.14512848854065,88,PASS
pretransformer_edge_residual,internal_fold,2,8,0.7130254281266217,0.6080039563010092,0.5882352941176471,0.6074208614426571,27.0,21.0,7.0,0.4493608772754669,73536.0,15.0,93.53866666666667,121.4773334757487,5.658666666666667,7.39066667175293,9.488,0.3428471455574036,0.12741357733805975,0.08721610903739929,384.1451268196106,88,PASS
baseline,internal_fold,2,9,0.6491956408925791,0.6525460735324567,0.6153846153846154,0.6027503892060198,30.0,19.0,nan,0.48535796999931335,nan,nan,nan,nan,nan,nan,nan,nan,nan,nan,330.4203083515167,88,PASS
pretransformer_edge_residual,internal_fold,2,9,0.6284379865075246,0.6701915329119962,0.4722222222222222,0.5832900882200311,30.0,19.0,3.0,0.36759963631629944,73536.0,15.0,93.53866666666667,121.58400008138021,5.658666666666667,7.39733335240682,9.488,0.31106237427393596,0.12456162017583847,0.030603431165218353,330.4203062057495,88,PASS
baseline,internal_oof,2,all,0.7263899280204329,0.609482048722865,0.6492622020431328,0.6519929826371869,28.2,26.9,nan,nan,nan,nan,nan,nan,nan,nan,nan,nan,nan,nan,nan,882,PASS
pretransformer_edge_residual,internal_oof,2,all,0.720549005443616,0.6141975622262151,0.656353591160221,0.648107633961972,28.2,26.9,1.9,nan,73536.0,15.0,93.53866666666667,121.57173349812827,5.658666666666667,7.395466672261556,9.488,0.24743501160045467,0.09929356160064538,nan,nan,882,PASS
baseline,caltech,2,external,0.6900584795321637,0.6203591801274262,0.6842105263157895,0.6754385964912281,24.0,41.0,nan,0.47960779070854187,nan,nan,nan,nan,nan,nan,nan,nan,nan,nan,281.14754152297974,37,PASS
baseline,abide2,2,external,0.7300763288224104,0.6067266861354678,0.6894803548795944,0.6617385410488859,24.0,41.0,nan,0.47960779070854187,nan,nan,nan,nan,nan,nan,nan,nan,nan,nan,281.14754152297974,726,PASS
pretransformer_edge_residual,caltech,2,external,0.652046783625731,0.6409623561807181,0.39999999999999997,0.5190058479532164,24.0,41.0,2.0,0.39394569396972656,73536.0,15.0,94.28653624856156,122.57537420380376,5.7054085155350975,7.461449950693392,9.558112773302646,0.2870560861841033,0.11924536205545257,0.019832832738757133,281.1475405693054,37,PASS
pretransformer_edge_residual,abide2,2,external,0.7237451187294448,0.6099805326135439,0.5925925925925926,0.6391171735999323,24.0,41.0,2.0,0.39394569396972656,73536.0,15.0,94.28653624856156,122.57537420380376,5.7054085155350975,7.461449950693392,9.558112773302646,0.2870560861841033,0.11924536205545257,0.019832832738757133,281.1475405693054,726,PASS
baseline,internal_fold,3,0,0.8034447821681865,0.52293549093081,0.7252747252747254,0.7201114488348531,44.0,75.0,nan,0.3986882269382477,nan,nan,nan,nan,nan,nan,nan,nan,nan,nan,492.96491956710815,89,PASS
pretransformer_edge_residual,internal_fold,3,0,0.790273556231003,0.5494360760937459,0.72,0.6805977710233029,44.0,75.0,13.0,0.4642729163169861,73536.0,15.0,93.53866666666667,121.4373334757487,5.658666666666667,7.385333329518636,9.488,0.343704275449117,0.1282828000187874,0.1339200884103775,492.9649176597595,89,PASS
baseline,internal_fold,3,1,0.668693009118541,0.6369721975127319,0.6136363636363638,0.6205673758865249,40.0,33.0,nan,0.474704772233963,nan,nan,nan,nan,nan,nan,nan,nan,nan,nan,273.1837069988251,89,PASS
pretransformer_edge_residual,internal_fold,3,1,0.668693009118541,0.6369722015032682,0.6136363636363638,0.6205673758865249,40.0,33.0,0.0,0.474704772233963,73536.0,15.0,93.53866666666667,121.26266658528645,5.658666666666667,7.373333343505859,9.488,0.21844252161184946,0.09552095315853755,0.0,273.183705329895,89,PASS
baseline,internal_fold,3,2,0.7153209109730848,0.619056457503397,0.6428571428571428,0.6625258799171843,50.0,46.0,nan,0.4110740125179291,nan,nan,nan,nan,nan,nan,nan,nan,nan,nan,367.29838371276855,88,PASS
pretransformer_edge_residual,internal_fold,3,2,0.7153209109730848,0.619056459045156,0.6428571428571428,0.6625258799171843,50.0,46.0,0.0,0.4110740125179291,73536.0,15.0,93.53866666666667,121.40666658528646,5.658666666666667,7.386666676839193,9.488,0.31414493632316587,0.12609917205572127,0.0,367.2983822822571,88,PASS
baseline,internal_fold,3,3,0.6847826086956521,0.6638418273859495,0.5882352941176471,0.605072463768116,31.0,55.0,nan,0.3970513641834259,nan,nan,nan,nan,nan,nan,nan,nan,nan,nan,408.1458911895752,88,PASS
pretransformer_edge_residual,internal_fold,3,3,0.6889233954451346,0.662248065195766,0.6190476190476191,0.639751552795031,31.0,55.0,4.0,0.39635345339775085,73536.0,15.0,93.53866666666667,122.05866658528646,5.658666666666667,7.432000003814697,9.488,0.34349900333086647,0.13397801315784455,0.038862764835357666,408.14589071273804,88,PASS
baseline,internal_fold,3,4,0.8307453416149068,0.539526003735617,0.7526881720430109,0.7375776397515528,30.0,40.0,nan,0.46963778138160706,nan,nan,nan,nan,nan,nan,nan,nan,nan,nan,309.68354964256287,88,PASS
pretransformer_edge_residual,internal_fold,3,4,0.8307453416149068,0.5395260036193278,0.7526881720430109,0.7375776397515528,30.0,40.0,0.0,0.46963778138160706,73536.0,15.0,93.53866666666667,121.9266669921875,5.658666666666667,7.418666676839193,9.488,0.3457775309085846,0.1288212885260582,0.0,309.6835472583771,88,PASS
baseline,internal_fold,3,5,0.783601453035807,0.5677453608691553,0.6835443037974684,0.726258432797094,30.0,45.0,nan,0.38372448086738586,nan,nan,nan,nan,nan,nan,nan,nan,nan,nan,287.313307762146,88,PASS
pretransformer_edge_residual,internal_fold,3,5,0.779449922158796,0.568217092150558,0.6744186046511628,0.6865594187856772,30.0,45.0,1.0,0.40584132075309753,73536.0,15.0,93.53866666666667,121.6080000406901,5.658666666666667,7.400000011444091,9.488,0.0941321162978808,0.04576293640335401,0.013558524660766125,287.31330728530884,88,PASS
baseline,internal_fold,3,6,0.7592112091333679,0.5881567639554052,0.6666666666666667,0.6468604047742605,28.0,23.0,nan,0.4722614884376526,nan,nan,nan,nan,nan,nan,nan,nan,nan,nan,341.6954309940338,88,PASS
pretransformer_edge_residual,internal_fold,3,6,0.7566165023352361,0.5911210969736571,0.6875000000000001,0.6559418785677218,28.0,23.0,1.0,0.4834692180156708,73536.0,15.0,93.53866666666667,121.74266689046225,5.658666666666667,7.408000019073486,9.488,0.33415499289830525,0.12528356007734934,0.013558611273765564,341.69542813301086,88,PASS
baseline,internal_fold,3,7,0.7436429683445771,0.5832931568017575,0.6966292134831461,0.6956408925791385,25.0,47.0,nan,0.45424941182136536,nan,nan,nan,nan,nan,nan,nan,nan,nan,nan,319.953574180603,88,PASS
pretransformer_edge_residual,internal_fold,3,7,0.749351323300467,0.5886345720657992,0.6666666666666666,0.6606123508043591,25.0,47.0,9.0,0.44703206419944763,73536.0,15.0,93.53866666666667,121.44666680908203,5.658666666666667,7.388000020345052,9.488,0.3404252355893453,0.1288133583664894,0.08275176584720612,319.953572511673,88,PASS
baseline,internal_fold,3,8,0.7763362740010379,0.5883229264051902,0.7142857142857144,0.6772184743124027,34.0,26.0,nan,0.45056068897247314,nan,nan,nan,nan,nan,nan,nan,nan,nan,nan,368.44510650634766,88,PASS
pretransformer_edge_residual,internal_fold,3,8,0.7649195640892579,0.5922724815623337,0.7592592592592592,0.6922677737415672,34.0,26.0,13.0,0.5065404772758484,73536.0,15.0,93.53866666666667,121.65066697184245,5.658666666666667,7.396000003814697,9.488,0.27996635389328,0.11705483082930247,0.11464831978082657,368.4451057910919,88,PASS
baseline,internal_fold,3,9,0.6424494032174364,0.6720838300584173,0.6666666666666665,0.5918526206538661,11.0,32.0,nan,0.5369156002998352,nan,nan,nan,nan,nan,nan,nan,nan,nan,nan,259.3421947956085,88,PASS
pretransformer_edge_residual,internal_fold,3,9,0.6424494032174364,0.6720838328427736,0.6666666666666665,0.5918526206538661,11.0,32.0,0.0,0.5369156002998352,73536.0,15.0,93.53866666666667,121.04800020345053,5.658666666666667,7.360000012715657,9.488,0.3548632808526357,0.13630986972649892,0.0,259.34219312667847,88,PASS
baseline,internal_oof,3,all,0.7395939217254457,0.5981520419754937,0.6762430939226519,0.6685869817600165,32.3,42.2,nan,nan,nan,nan,nan,nan,nan,nan,nan,nan,nan,nan,nan,882,PASS
pretransformer_edge_residual,internal_oof,3,all,0.7358840071205593,0.6019369408278991,0.683083511777302,0.6632285028766027,32.3,42.2,4.1,nan,73536.0,15.0,93.53866666666667,121.5588001139323,5.658666666666667,7.394800009791055,9.488,0.29691102471550307,0.1165926782319943,nan,nan,882,PASS
baseline,caltech,3,external,0.6228070175438596,0.6756386373420469,0.5714285714285715,0.5102339181286549,8.0,62.0,nan,0.5585917234420776,nan,nan,nan,nan,nan,nan,nan,nan,nan,nan,825.7795057296753,37,PASS
baseline,abide2,3,external,0.7404665994007686,0.597386014452459,0.7426636568848758,0.6690671863085655,8.0,62.0,nan,0.5585917234420776,nan,nan,nan,nan,nan,nan,nan,nan,nan,nan,825.7795057296753,726,PASS
pretransformer_edge_residual,caltech,3,external,0.6432748538011697,0.6620597980074115,0.6153846153846154,0.5935672514619883,8.0,62.0,1.0,0.5045463442802429,73536.0,15.0,94.28653624856156,122.46375155256862,5.7054085155350975,7.451093227597183,9.558112773302646,0.2915218497859046,0.11658889389627959,0.013558469712734222,825.7795050144196,37,PASS
pretransformer_edge_residual,abide2,3,external,0.7408054962913897,0.5990610283811184,0.7322274881516587,0.6789799203592307,8.0,62.0,1.0,0.5045463442802429,73536.0,15.0,94.28653624856156,122.46375155256862,5.7054085155350975,7.451093227597183,9.558112773302646,0.2915218497859046,0.11658889389627959,0.013558469712734222,825.7795050144196,726,PASS
baseline,internal_fold,4,0,0.6904761904761905,0.6415183119126976,0.5853658536585366,0.6243667679837892,41.0,48.0,nan,0.35288161039352417,nan,nan,nan,nan,nan,nan,nan,nan,nan,nan,368.9788956642151,89,PASS
pretransformer_edge_residual,internal_fold,4,0,0.6904761904761905,0.6415183147161155,0.5853658536585366,0.6243667679837892,41.0,48.0,0.0,0.35288161039352417,73536.0,15.0,93.53866666666667,121.69333341471354,5.658666666666667,7.405333351135254,9.488,0.34218941140174863,0.12745599073171615,0.0,368.97889471054077,89,PASS
baseline,internal_fold,4,1,0.7102330293819656,0.6190517264972936,0.575,0.6256332320162107,37.0,48.0,nan,0.3420577943325043,nan,nan,nan,nan,nan,nan,nan,nan,nan,nan,340.0679819583893,89,PASS
pretransformer_edge_residual,internal_fold,4,1,0.7284701114488348,0.6047927030887229,0.6506024096385542,0.6800911854103344,37.0,48.0,1.0,0.3540887236595154,73536.0,15.0,93.53866666666667,121.70133325195313,5.658666666666667,7.405333337148031,9.488,0.3078416709105174,0.1204145502448082,0.01355848927050829,340.06798100471497,89,PASS
baseline,internal_fold,4,2,0.7261904761904762,0.6009331866180022,0.6956521739130435,0.681159420289855,46.0,48.0,nan,0.45235177874565125,nan,nan,nan,nan,nan,nan,nan,nan,nan,nan,420.4197266101837,88,PASS
pretransformer_edge_residual,internal_fold,4,2,0.7437888198757764,0.5963782983498257,0.75,0.6977225672877847,46.0,48.0,8.0,0.5143393874168396,73536.0,15.0,93.53866666666667,121.51200034586589,5.658666666666667,7.390666685740153,9.488,0.35192748220761616,0.13266907020409902,0.0835089236497879,420.419725894928,88,PASS
baseline,internal_fold,4,3,0.7360248447204969,0.6169584440559966,0.7272727272727273,0.6889233954451346,45.0,28.0,nan,0.47850075364112854,nan,nan,nan,nan,nan,nan,nan,nan,nan,nan,389.60212564468384,88,PASS
pretransformer_edge_residual,internal_fold,4,3,0.7318840579710145,0.6257337141290513,0.6823529411764706,0.6961697722567288,45.0,28.0,4.0,0.37937965989112854,73536.0,15.0,93.53866666666667,121.54266687011719,5.658666666666667,7.396000019073487,9.488,0.29582367777824403,0.12829161699612934,0.03159134462475777,389.6021246910095,88,PASS
baseline,internal_fold,4,4,0.7494824016563146,0.6061835528699472,0.43750000000000006,0.6045548654244306,43.0,29.0,nan,0.30627304315567017,nan,nan,nan,nan,nan,nan,nan,nan,nan,nan,313.7386825084686,88,PASS
pretransformer_edge_residual,internal_fold,4,4,0.7562111801242235,0.60668633969198,0.43750000000000006,0.6045548654244306,43.0,29.0,2.0,0.29773181676864624,73536.0,15.0,93.53866666666667,121.47066701253256,5.658666666666667,7.388000011444092,9.488,0.35191504494349163,0.1310794725815455,0.02430427446961403,313.7386817932129,88,PASS
baseline,internal_fold,4,5,0.6585365853658537,0.6541807237781321,0.6,0.5921120913336793,44.0,38.0,nan,0.4609038829803467,nan,nan,nan,nan,nan,nan,nan,nan,nan,nan,276.21327018737793,88,PASS
pretransformer_edge_residual,internal_fold,4,5,0.6585365853658537,0.6541807270580761,0.6,0.5921120913336793,44.0,38.0,0.0,0.4609038829803467,73536.0,15.0,93.53866666666667,121.36533339436849,5.658666666666667,7.3773333460489905,9.488,0.33404256018002826,0.13038506209850312,0.0,276.2132692337036,88,PASS
baseline,internal_fold,4,6,0.7659574468085106,0.5764615621208162,0.7070707070707072,0.6650233523611832,47.0,23.0,nan,0.483457088470459,nan,nan,nan,nan,nan,nan,nan,nan,nan,nan,310.2874450683594,88,PASS
pretransformer_edge_residual,internal_fold,4,6,0.7638816813700051,0.5767941887787333,0.7,0.6528282304099637,47.0,23.0,1.0,0.4904310703277588,73536.0,15.0,93.53866666666667,121.7800000406901,5.658666666666667,7.4093333447774254,9.488,0.3264893658161163,0.12750838150580723,0.013558649457991123,310.2874438762665,88,PASS
baseline,internal_fold,4,7,0.7389724961079398,0.6042036619193293,0.6666666666666666,0.6331084587441619,50.0,16.0,nan,0.5013731718063354,nan,nan,nan,nan,nan,nan,nan,nan,nan,nan,289.323495388031,88,PASS
pretransformer_edge_residual,internal_fold,4,7,0.6922677737415671,0.6302771882885533,0.6419753086419752,0.679034769071095,50.0,16.0,10.0,0.4013545513153076,73536.0,15.0,93.53866666666667,121.8640000406901,5.658666666666667,7.414666678110758,9.488,0.3473134175936381,0.1292720338900884,0.09965229034423828,289.32349467277527,88,PASS
baseline,internal_fold,4,8,0.724961079398028,0.6171206634800124,0.7272727272727273,0.6450441100155683,16.0,15.0,nan,0.5321105122566223,nan,nan,nan,nan,nan,nan,nan,nan,nan,nan,271.5492796897888,88,PASS
pretransformer_edge_residual,internal_fold,4,8,0.724961079398028,0.6171206585012192,0.7272727272727273,0.6450441100155683,16.0,15.0,0.0,0.5321105122566223,73536.0,15.0,93.53866666666667,121.21866662597657,5.658666666666667,7.371999997456869,9.488,0.3001160264809926,0.12239869831005733,0.0,271.5492784976959,88,PASS
baseline,internal_fold,4,9,0.7166580176440063,0.6059570082075745,0.6909090909090909,0.5993772703684483,33.0,46.0,nan,0.5610135793685913,nan,nan,nan,nan,nan,nan,nan,nan,nan,nan,264.3561677932739,88,PASS
pretransformer_edge_residual,internal_fold,4,9,0.7166580176440063,0.6059570074866758,0.6909090909090909,0.5993772703684483,33.0,46.0,0.0,0.5610135793685913,73536.0,15.0,93.53866666666667,121.39333339436848,5.658666666666667,7.381333344777425,9.488,0.28736010718345645,0.12145073821147283,0.0,264.3561656475067,88,PASS
baseline,internal_oof,4,all,0.7217564046335234,0.6142932291234382,0.6529284164859003,0.6367276386058152,40.2,33.9,nan,nan,nan,nan,nan,nan,nan,nan,nan,nan,nan,nan,nan,882,PASS
pretransformer_edge_residual,internal_oof,4,all,0.7214829338768349,0.6159602668317833,0.6578657865786579,0.6478393230308815,40.2,33.9,2.6,nan,73536.0,15.0,93.53866666666667,121.5541334391276,5.658666666666667,7.394000011571249,9.488,0.32450187644958495,0.1270925614774227,nan,nan,882,PASS
baseline,caltech,4,external,0.6783625730994153,0.640326893916363,0.5517241379310345,0.6549707602339181,17.0,34.0,nan,0.3309032917022705,nan,nan,nan,nan,nan,nan,nan,nan,nan,nan,323.5357131958008,37,PASS
baseline,abide2,4,external,0.7481688014603375,0.5940691782364415,0.5025295109612141,0.6250529526391595,17.0,34.0,nan,0.3309032917022705,nan,nan,nan,nan,nan,nan,nan,nan,nan,nan,323.5357131958008,726,PASS
pretransformer_edge_residual,caltech,4,external,0.695906432748538,0.6289511569471748,0.5555555555555555,0.5687134502923976,17.0,34.0,1.0,0.4196680784225464,73536.0,15.0,94.28653624856156,122.5638665044541,5.7054085155350975,7.459148456367168,9.558112773302646,0.34532953567279906,0.12831239785540366,0.013558534905314445,323.53571224212646,37,PASS
pretransformer_edge_residual,abide2,4,external,0.7477451803470613,0.5925128185430852,0.6758241758241759,0.6846564432771329,17.0,34.0,1.0,0.4196680784225464,73536.0,15.0,94.28653624856156,122.5638665044541,5.7054085155350975,7.459148456367168,9.558112773302646,0.34532953567279906,0.12831239785540366,0.013558534905314445,323.53571224212646,726,PASS
baseline,internal_fold,5,0,0.7771023302938197,0.5746212346972986,0.7572815533980581,0.7125126646403241,44.0,31.0,nan,0.5510218739509583,nan,nan,nan,nan,nan,nan,nan,nan,nan,nan,390.87837171554565,89,PASS
pretransformer_edge_residual,internal_fold,5,0,0.7771023302938197,0.5746212322274115,0.7572815533980581,0.7125126646403241,44.0,31.0,0.0,0.5510218739509583,73536.0,15.0,93.53866666666667,121.42133359781901,5.658666666666667,7.38400001780192,9.488,0.3493666631380717,0.13056457388401033,0.0,390.87837076187134,89,PASS
baseline,internal_fold,5,1,0.7304964539007092,0.6163222288539979,0.6206896551724138,0.6324721377912867,34.0,39.0,nan,0.39651134610176086,nan,nan,nan,nan,nan,nan,nan,nan,nan,nan,334.30518794059753,89,PASS
pretransformer_edge_residual,internal_fold,5,1,0.7234042553191489,0.6379977668648503,0.6947368421052632,0.6724924012158056,34.0,39.0,15.0,0.4525092840194702,73536.0,15.0,93.53866666666667,121.6146670328776,5.658666666666667,7.401333335876465,9.488,0.29043081172307333,0.11768154406547546,0.11751119792461395,334.30518531799316,89,PASS
baseline,internal_fold,5,2,0.8141821946169773,0.5225834016201313,0.6913580246913581,0.7210144927536233,44.0,42.0,nan,0.40876635909080505,nan,nan,nan,nan,nan,nan,nan,nan,nan,nan,337.95627546310425,88,PASS
pretransformer_edge_residual,internal_fold,5,2,0.8141821946169773,0.5225833951628396,0.6913580246913581,0.7210144927536233,44.0,42.0,0.0,0.40876635909080505,73536.0,15.0,93.53866666666667,121.79200028483073,5.658666666666667,7.414666670481364,9.488,0.19394671364625296,0.08593829939762751,0.0,337.95627427101135,88,PASS
baseline,internal_fold,5,3,0.7132505175983437,0.6166493458379355,0.7636363636363634,0.6946169772256728,45.0,48.0,nan,0.5951942205429077,nan,nan,nan,nan,nan,nan,nan,nan,nan,nan,345.04464769363403,88,PASS
pretransformer_edge_residual,internal_fold,5,3,0.7132505175983437,0.616649345826448,0.7636363636363634,0.6946169772256728,45.0,48.0,0.0,0.5951942205429077,73536.0,15.0,93.96533333333333,121.69866703287761,5.658666666666667,7.405333329518636,9.488,0.33030105447769165,0.1285931067665418,0.0,345.0446469783783,88,PASS
baseline,internal_fold,5,4,0.6966873706004141,0.6262564152192011,0.6206896551724138,0.6268115942028986,16.0,42.0,nan,0.366782009601593,nan,nan,nan,nan,nan,nan,nan,nan,nan,nan,345.35943245887756,88,PASS
pretransformer_edge_residual,internal_fold,5,4,0.6966873706004141,0.6262564171433957,0.6206896551724138,0.6268115942028986,16.0,42.0,0.0,0.366782009601593,73536.0,15.0,93.53866666666667,121.25466693115234,5.658666666666667,7.377333351135254,9.488,0.3597257618109385,0.13800939285755157,0.0,345.35943126678467,88,PASS
baseline,internal_fold,5,5,0.6652828230409964,0.6594294615253982,0.6190476190476191,0.6424494032174364,1.0,12.0,nan,0.44923731684684753,nan,nan,nan,nan,nan,nan,nan,nan,nan,nan,261.0918667316437,88,PASS
pretransformer_edge_residual,internal_fold,5,5,0.6652828230409964,0.6594294674562129,0.6190476190476191,0.6424494032174364,1.0,12.0,0.0,0.4492373466491699,73536.0,15.0,93.53866666666667,121.62133337402344,5.658666666666667,7.402666678110759,9.488,0.385878270705541,0.14400182406107584,0.0,261.0918653011322,88,PASS
baseline,internal_fold,5,6,0.6953814218993254,0.6228975586627307,0.651685393258427,0.6499740529320187,23.0,37.0,nan,0.44362446665763855,nan,nan,nan,nan,nan,nan,nan,nan,nan,nan,305.08875608444214,88,PASS
pretransformer_edge_residual,internal_fold,5,6,0.706279190451479,0.6158376965200754,0.6881720430107526,0.6696938245978205,23.0,37.0,1.0,0.47667816281318665,73536.0,15.0,93.53866666666667,121.53600008138021,5.658666666666667,7.391999997456868,9.488,0.34486779618263247,0.12855786293745042,0.013558614999055862,305.0887539386749,88,PASS
baseline,internal_fold,5,7,0.694862480539699,0.6275439677860618,0.6947368421052632,0.6681370005189413,19.0,23.0,nan,0.4728573262691498,nan,nan,nan,nan,nan,nan,nan,nan,nan,nan,301.4867079257965,88,PASS
pretransformer_edge_residual,internal_fold,5,7,0.694862480539699,0.6275439668319592,0.6947368421052632,0.6681370005189413,19.0,23.0,0.0,0.4728573262691498,73536.0,15.0,93.53866666666667,121.73066670735678,5.658666666666667,7.402666678110759,9.488,0.2980738509496053,0.12655589097738265,0.0,301.48670721054077,88,PASS
baseline,internal_fold,5,8,0.5365853658536586,0.7195905368599782,0.5434782608695652,0.5220550077841204,10.0,12.0,nan,0.4766483008861542,nan,nan,nan,nan,nan,nan,nan,nan,nan,nan,277.8547451496124,88,PASS
pretransformer_edge_residual,internal_fold,5,8,0.5080435910742086,0.7334736072183516,0.5384615384615384,0.44421380384016607,10.0,12.0,1.0,0.5391504764556885,73536.0,15.0,93.53866666666667,121.56800018310547,5.658666666666667,7.390666665395101,9.488,0.2750292840003967,0.1199978236357371,0.013558667153120041,277.8547444343567,88,PASS
baseline,internal_fold,5,9,0.7405293201868189,0.6022587777775228,0.6875000000000001,0.6559418785677218,29.0,41.0,nan,0.42543601989746094,nan,nan,nan,nan,nan,nan,nan,nan,nan,nan,326.4311649799347,88,PASS
pretransformer_edge_residual,internal_fold,5,9,0.7462376751427088,0.5857906056949755,0.7222222222222223,0.6466009340944473,29.0,41.0,10.0,0.5640094876289368,73536.0,15.0,93.53866666666667,121.73733341471355,5.658666666666667,7.406666685740153,9.488,0.34620999765396115,0.13113549248377482,0.11041233688592911,326.43116307258606,88,PASS
baseline,internal_oof,5,all,0.7075204458089317,0.6187623596388819,0.6688311688311688,0.6525218647609711,26.5,32.7,nan,nan,nan,nan,nan,nan,nan,nan,nan,nan,nan,nan,nan,882,PASS
pretransformer_edge_residual,internal_oof,5,all,0.7076546012744769,0.6199872642657437,0.68125,0.6501070663811563,26.5,32.7,2.7,nan,73536.0,15.0,93.58133333333335,121.59746686401365,5.658666666666667,7.397733340962728,9.488,0.3173830204288165,0.12510358110666275,nan,nan,882,PASS
baseline,caltech,5,external,0.6315789473684211,0.6977740451368257,0.6500000000000001,0.6198830409356726,21.0,75.0,nan,0.5266686081886292,nan,nan,nan,nan,nan,nan,nan,nan,nan,nan,274.3507652282715,37,PASS
baseline,abide2,5,external,0.7537451957514653,0.5875081839356597,0.7300469483568076,0.6720325341014997,21.0,75.0,nan,0.5266686081886292,nan,nan,nan,nan,nan,nan,nan,nan,nan,nan,274.3507652282715,726,PASS
pretransformer_edge_residual,caltech,5,external,0.6315789473684211,0.7001327629766205,0.6666666666666667,0.6476608187134503,21.0,75.0,2.0,0.4362489581108093,73536.0,15.0,94.28653624856156,122.46950542419223,5.7054085155350975,7.449942479062273,9.558112773302646,0.3466582486215203,0.12828688102295263,0.024496732279658318,274.35076427459717,37,PASS
pretransformer_edge_residual,abide2,5,external,0.7554704890128088,0.5863760251044998,0.7090909090909092,0.6943150046598323,21.0,75.0,2.0,0.4362489581108093,73536.0,15.0,94.28653624856156,122.46950542419223,5.7054085155350975,7.449942479062273,9.558112773302646,0.3466582486215203,0.12828688102295263,0.024496732279658318,274.35076427459717,726,PASS
baseline,internal_fold,6,0,0.6965552178318136,0.6122457476124684,0.48484848484848486,0.6344984802431611,46.0,31.0,nan,0.34203729033470154,nan,nan,nan,nan,nan,nan,nan,nan,nan,nan,407.1955120563507,89,PASS
pretransformer_edge_residual,internal_fold,6,0,0.7016210739614995,0.6188901119997641,0.5675675675675675,0.6519756838905775,46.0,31.0,8.0,0.36620837450027466,73536.0,15.0,93.53866666666667,121.9413330485026,5.658666666666667,7.423999994913737,9.488,0.3291000068187714,0.1268715969324112,0.09427044540643692,407.1955108642578,89,PASS
baseline,internal_fold,6,1,0.7122593718338399,0.6572125385875943,0.6739130434782609,0.6631205673758864,10.0,80.0,nan,0.454818457365036,nan,nan,nan,nan,nan,nan,nan,nan,nan,nan,293.9952747821808,89,PASS
pretransformer_edge_residual,internal_fold,6,1,0.7122593718338399,0.6572125391579067,0.6739130434782609,0.6631205673758864,10.0,80.0,0.0,0.4548184871673584,73536.0,15.0,93.53866666666667,121.64666670735677,5.658666666666667,7.403999994913737,9.488,0.3468040018876394,0.13101622529824575,0.0,293.99527382850647,89,PASS
baseline,internal_fold,6,2,0.7261904761904762,0.5931683854189895,0.6,0.6418219461697723,32.0,42.0,nan,0.36571910977363586,nan,nan,nan,nan,nan,nan,nan,nan,nan,nan,323.3337504863739,88,PASS
pretransformer_edge_residual,internal_fold,6,2,0.7261904761904762,0.5931683858645947,0.6,0.6418219461697723,32.0,42.0,0.0,0.36571913957595825,73536.0,15.0,93.53866666666667,121.8519999593099,5.658666666666667,7.417333328247071,9.488,0.10391876057783762,0.049943820257981615,0.0,323.33375000953674,88,PASS
baseline,internal_fold,6,3,0.7039337474120083,0.6256355606114904,0.5352112676056338,0.6350931677018633,42.0,19.0,nan,0.3715386986732483,nan,nan,nan,nan,nan,nan,nan,nan,nan,nan,295.06169414520264,88,PASS
pretransformer_edge_residual,internal_fold,6,3,0.6977225672877847,0.6246626994773788,0.5294117647058824,0.6480331262939959,42.0,19.0,1.0,0.36091652512550354,73536.0,15.0,93.53866666666667,121.36399971516927,5.658666666666667,7.381333343505859,9.488,0.30570130173365273,0.1237484369079272,0.013558638282120228,295.0616934299469,88,PASS
baseline,internal_fold,6,4,0.7976190476190477,0.5693275064902753,0.6829268292682927,0.7091097308488613,6.0,14.0,nan,0.44318413734436035,nan,nan,nan,nan,nan,nan,nan,nan,nan,nan,272.5128743648529,88,PASS
pretransformer_edge_residual,internal_fold,6,4,0.75,0.6040496978179323,0.6956521739130435,0.681159420289855,6.0,14.0,6.0,0.48787522315979004,73536.0,15.0,93.53866666666667,121.96933353678385,5.658666666666667,7.424000005086263,9.488,0.19815680106480915,0.0942330717643102,0.04425130411982536,272.51287317276,88,PASS
baseline,internal_fold,6,5,0.7924234561494551,0.5705607158094281,0.76,0.7213284898806435,28.0,16.0,nan,0.5246944427490234,nan,nan,nan,nan,nan,nan,nan,nan,nan,nan,256.18092131614685,88,PASS
pretransformer_edge_residual,internal_fold,6,5,0.7924234561494551,0.5705607158508305,0.76,0.7213284898806435,28.0,16.0,0.0,0.5246944427490234,73536.0,15.0,93.53866666666667,121.22266697184244,5.658666666666667,7.367999997456868,9.488,0.3564207724730174,0.13276677946249643,0.0,256.18092036247253,88,PASS
baseline,internal_fold,6,6,0.66476388168137,0.6722731875053839,0.7021276595744681,0.6803321224701608,29.0,46.0,nan,0.5144428610801697,nan,nan,nan,nan,nan,nan,nan,nan,nan,nan,282.63840103149414,88,PASS
pretransformer_edge_residual,internal_fold,6,6,0.685002594706798,0.6727352344266552,0.6736842105263158,0.6453035806953814,29.0,46.0,2.0,0.49471211433410645,73536.0,15.0,93.53866666666667,121.24133327229818,5.658666666666667,7.371999997456869,9.488,0.24489119215806326,0.10874692296981811,0.016314364969730377,282.6384003162384,88,PASS
baseline,internal_fold,6,7,0.6263622210690192,0.6665542761236914,0.6666666666666665,0.5918526206538661,41.0,26.0,nan,0.5501320958137512,nan,nan,nan,nan,nan,nan,nan,nan,nan,nan,343.94785833358765,88,PASS
pretransformer_edge_residual,internal_fold,6,7,0.5739491437467567,0.7143429109120631,0.44999999999999996,0.508562532433835,41.0,26.0,9.0,0.4194790720939636,73536.0,15.0,93.53866666666667,121.62800004069011,5.658666666666667,7.396000011444092,9.488,0.34147775514920553,0.1287804880340894,0.0925082415342331,343.9478576183319,88,PASS
baseline,internal_fold,6,8,0.7010897768552153,0.6367721001802894,0.7272727272727273,0.6878567721847431,9.0,15.0,nan,0.49505582451820374,nan,nan,nan,nan,nan,nan,nan,nan,nan,nan,335.2948501110077,88,PASS
pretransformer_edge_residual,internal_fold,6,8,0.6917488323819408,0.6293330381179828,0.5263157894736842,0.6030098598858329,9.0,15.0,10.0,0.376432329416275,73536.0,15.0,93.53866666666667,121.52400022379557,5.658666666666667,7.390666685740153,9.488,0.34822630405426025,0.13012997567653656,0.10093362629413605,335.2948491573334,88,PASS
baseline,internal_fold,6,9,0.6938245978204461,0.6373551873886666,0.6666666666666666,0.6331084587441619,40.0,56.0,nan,0.4778648614883423,nan,nan,nan,nan,nan,nan,nan,nan,nan,nan,365.3408558368683,88,PASS
pretransformer_edge_residual,internal_fold,6,9,0.6891541255838091,0.6470769758805066,0.6732673267326733,0.6177996886351842,40.0,56.0,2.0,0.513070285320282,73536.0,15.0,93.53866666666667,121.57466670735677,5.658666666666667,7.396000011444092,9.488,0.34788403908411664,0.13036717889706292,0.024252034723758698,365.34085488319397,88,PASS
baseline,internal_oof,6,all,0.7117050643688243,0.6241345990819598,0.6598870056497175,0.6608266040607826,28.3,34.5,nan,nan,nan,nan,nan,nan,nan,nan,nan,nan,nan,nan,nan,882,PASS
pretransformer_edge_residual,internal_oof,6,all,0.7033616263770284,0.6332142243624169,0.6247086247086246,0.6387451304145919,28.3,34.5,3.8,nan,73536.0,15.0,93.53866666666667,121.59640001831053,5.658666666666667,7.397333337020873,9.488,0.2922580935001374,0.11566044962008795,nan,nan,882,PASS
baseline,caltech,6,external,0.6842105263157895,0.6366824627623033,0.6829268292682926,0.6461988304093567,31.0,28.0,nan,0.5171079635620117,nan,nan,nan,nan,nan,nan,nan,nan,nan,nan,370.72117018699646,37,PASS
baseline,abide2,6,external,0.7341584959139819,0.6085559996187111,0.7365967365967365,0.6766076421248834,31.0,28.0,nan,0.5171079635620117,nan,nan,nan,nan,nan,nan,nan,nan,nan,nan,370.72117018699646,726,PASS
pretransformer_edge_residual,caltech,6,external,0.7251461988304093,0.6062238548797065,0.7,0.6739766081871346,31.0,28.0,1.0,0.49196016788482666,73536.0,15.0,94.28653624856156,122.70425818896541,5.7054085155350975,7.4706559290957255,9.558112773302646,0.2450712511296651,0.10400985869803006,0.013558585196733475,370.72116923332214,37,PASS
pretransformer_edge_residual,abide2,6,external,0.7168901588964285,0.6183174701121218,0.7010804321728692,0.6486910107599764,31.0,28.0,1.0,0.49196016788482666,73536.0,15.0,94.28653624856156,122.70425818896541,5.7054085155350975,7.4706559290957255,9.558112773302646,0.2450712511296651,0.10400985869803006,0.013558585196733475,370.72116923332214,726,PASS
baseline,internal_fold,7,0,0.7147922998986829,0.6282388061974302,0.627906976744186,0.6443768996960486,40.0,38.0,nan,0.4120606482028961,nan,nan,nan,nan,nan,nan,nan,nan,nan,nan,329.0270884037018,89,PASS
pretransformer_edge_residual,internal_fold,7,0,0.7147922998986829,0.6282388027924716,0.627906976744186,0.6443768996960486,40.0,38.0,0.0,0.4120606482028961,73536.0,15.0,93.53866666666667,121.76533341471354,5.658666666666667,7.408000010172526,9.488,0.15891598908106486,0.0741972934405009,0.0,329.0270872116089,89,PASS
baseline,internal_fold,7,1,0.8201621073961499,0.5252277320721752,0.6818181818181819,0.6881965552178319,35.0,42.0,nan,0.4199680685997009,nan,nan,nan,nan,nan,nan,nan,nan,nan,nan,310.0269408226013,89,PASS
pretransformer_edge_residual,internal_fold,7,1,0.8201621073961499,0.5252277347236946,0.6818181818181819,0.6881965552178319,35.0,42.0,0.0,0.4199680685997009,73536.0,15.0,93.53866666666667,121.14800032552084,5.658666666666667,7.368000010172526,9.488,0.19928124860922494,0.09175285263856252,0.0,310.02693915367126,89,PASS
baseline,internal_fold,7,2,0.7101449275362319,0.6221377868410669,0.702127659574468,0.6801242236024845,42.0,36.0,nan,0.479763388633728,nan,nan,nan,nan,nan,nan,nan,nan,nan,nan,215.03856539726257,88,PASS
pretransformer_edge_residual,internal_fold,7,2,0.6920289855072463,0.666173340917383,0.72,0.6770186335403727,42.0,36.0,5.0,0.5753937363624573,73536.0,15.0,93.53866666666667,121.71599987792969,5.658666666666667,7.405333343505859,9.488,0.11808965937296549,0.05701769412557284,0.03360220789909363,215.03856444358826,88,PASS
baseline,internal_fold,7,3,0.7339544513457557,0.6277144744449563,0.693069306930693,0.6423395445134576,48.0,86.0,nan,0.5473700761795044,nan,nan,nan,nan,nan,nan,nan,nan,nan,nan,338.6048336029053,88,PASS
pretransformer_edge_residual,internal_fold,7,3,0.7339544513457557,0.627714477010577,0.693069306930693,0.6423395445134576,48.0,86.0,0.0,0.5473700761795044,73536.0,15.0,93.53866666666667,122.12799995930989,5.658666666666667,7.438666661580403,9.488,0.3405692543188731,0.129716107070446,0.0,338.6048319339752,88,PASS
baseline,internal_fold,7,4,0.6909937888198758,0.6327453190598198,0.5476190476190477,0.5714285714285714,28.0,41.0,nan,0.39359697699546814,nan,nan,nan,nan,nan,nan,nan,nan,nan,nan,363.84745693206787,88,PASS
pretransformer_edge_residual,internal_fold,7,4,0.6997929606625258,0.6260332886612064,0.5679012345679013,0.6071428571428572,28.0,41.0,2.0,0.3809647560119629,73536.0,15.0,93.53866666666667,121.86266646321614,5.658666666666667,7.415999994913737,9.488,0.16819876623153687,0.07704933192332586,0.015088144689798355,363.8474552631378,88,PASS
baseline,internal_fold,7,5,0.694862480539699,0.6479424339320211,0.5789473684210527,0.6486766995329527,33.0,30.0,nan,0.3887183964252472,nan,nan,nan,nan,nan,nan,nan,nan,nan,nan,286.4269199371338,88,PASS
pretransformer_edge_residual,internal_fold,7,5,0.694862480539699,0.6479424343410048,0.5789473684210527,0.6486766995329527,33.0,30.0,0.0,0.3887183666229248,73536.0,15.0,93.53866666666667,121.21066666666667,5.658666666666667,7.36533335240682,9.488,0.23970897444089254,0.10194641002019246,0.0,286.42691946029663,88,PASS
baseline,internal_fold,7,6,0.8297872340425532,0.5359170744829033,0.6666666666666666,0.701868188894655,27.0,25.0,nan,0.40577754378318787,nan,nan,nan,nan,nan,nan,nan,nan,nan,nan,279.0430552959442,88,PASS
pretransformer_edge_residual,internal_fold,7,6,0.8349766476388167,0.5263818908737162,0.7708333333333333,0.7472755578619616,27.0,25.0,6.0,0.5174732208251953,73536.0,15.0,93.53866666666667,121.09333339436849,5.658666666666667,7.360000012715657,9.488,0.3125198584397634,0.13249960601329802,0.05335257947444916,279.0430545806885,88,PASS
baseline,internal_fold,7,7,0.7270368448365334,0.5909706775236625,0.5714285714285715,0.5967825635703166,46.0,52.0,nan,0.38931962847709656,nan,nan,nan,nan,nan,nan,nan,nan,nan,nan,355.1637029647827,88,PASS
pretransformer_edge_residual,internal_fold,7,7,0.7270368448365334,0.5909706789149977,0.5714285714285715,0.5967825635703166,46.0,52.0,0.0,0.38931962847709656,73536.0,15.0,93.53866666666667,121.60133369954427,5.658666666666667,7.401333352406819,9.488,0.3592682498296102,0.1338144159714381,0.0,355.16370153427124,88,PASS
baseline,internal_fold,7,8,0.7140633108458744,0.6221556927728824,0.5925925925925926,0.6333679294239751,26.0,45.0,nan,0.4164718985557556,nan,nan,nan,nan,nan,nan,nan,nan,nan,nan,303.84851837158203,88,PASS
pretransformer_edge_residual,internal_fold,7,8,0.7140633108458744,0.6221556908277497,0.5925925925925926,0.6333679294239751,26.0,45.0,0.0,0.416471928358078,73536.0,15.0,93.53866666666667,121.73200004069011,5.658666666666667,7.406666678110758,9.488,0.3227601614793142,0.12531152363618214,0.0,303.8485176563263,88,PASS
baseline,internal_fold,7,9,0.7187337830825117,0.6125080592178521,0.7090909090909091,0.6222106901920083,30.0,49.0,nan,0.5307106375694275,nan,nan,nan,nan,nan,nan,nan,nan,nan,nan,337.8045103549957,88,PASS
pretransformer_edge_residual,internal_fold,7,9,0.7010897768552155,0.6316406145368683,0.7037037037037038,0.6237675142708874,30.0,49.0,4.0,0.5273734927177429,73536.0,15.0,93.53866666666667,121.86800022379558,5.658666666666667,7.414666685740153,9.488,0.1900645088752111,0.08485916823148727,0.030983684584498405,337.80450963974,88,PASS
baseline,internal_oof,7,all,0.7339439126957509,0.604492716002505,0.6418079096045198,0.6426227393514099,35.5,44.4,nan,nan,nan,nan,nan,nan,nan,nan,nan,nan,nan,nan,nan,882,PASS
pretransformer_edge_residual,internal_oof,7,all,0.7310750496633213,0.6091741660479446,0.6570477247502775,0.6506514279817341,35.5,44.4,1.7,nan,73536.0,15.0,93.53866666666667,121.61253340657554,5.658666666666667,7.398400010172526,9.488,0.24093766706784567,0.1008164403071006,nan,nan,882,PASS
baseline,caltech,7,external,0.631578947368421,0.7209879535978178,0.6363636363636364,0.5628654970760234,30.0,81.0,nan,0.6084505915641785,nan,nan,nan,nan,nan,nan,nan,nan,nan,nan,370.3577015399933,37,PASS
baseline,abide2,7,external,0.7419223155900271,0.600659200541091,0.744136460554371,0.6434804710666779,30.0,81.0,nan,0.6084505915641785,nan,nan,nan,nan,nan,nan,nan,nan,nan,nan,370.3577015399933,726,PASS
pretransformer_edge_residual,caltech,7,external,0.631578947368421,0.7209879570801914,0.6363636363636364,0.5628654970760234,30.0,81.0,0.0,0.6084505915641785,73536.0,15.0,94.28653624856156,122.24395881011928,5.7054085155350975,7.437284238044906,9.558112773302646,0.29473838412446174,0.1208321430792194,0.0,370.3577003479004,37,PASS
pretransformer_edge_residual,abide2,7,external,0.7419223155900271,0.6006592044818784,0.744136460554371,0.6434804710666779,30.0,81.0,0.0,0.6084505915641785,73536.0,15.0,94.28653624856156,122.24395881011928,5.7054085155350975,7.437284238044906,9.558112773302646,0.29473838412446174,0.1208321430792194,0.0,370.3577003479004,726,PASS
baseline,internal_fold,8,0,0.8196555217831814,0.573668424590602,0.7526881720430109,0.741388044579534,20.0,26.0,nan,0.47265276312828064,nan,nan,nan,nan,nan,nan,nan,nan,nan,nan,390.96415519714355,89,PASS
pretransformer_edge_residual,internal_fold,8,0,0.7583586626139818,0.5982701134352504,0.6666666666666667,0.6512158054711246,20.0,26.0,5.0,0.4425191879272461,73536.0,15.0,93.53866666666667,121.96133357747397,5.658666666666667,7.42400001780192,9.488,0.32930833292007444,0.12828159926335017,0.053814396262168884,390.96415424346924,89,PASS
baseline,internal_fold,8,1,0.6747720364741642,0.6638342949469485,0.631578947368421,0.6048632218844985,20.0,59.0,nan,0.4938589632511139,nan,nan,nan,nan,nan,nan,nan,nan,nan,nan,338.74503350257874,89,PASS
pretransformer_edge_residual,internal_fold,8,1,0.6565349544072948,0.6847532664198998,0.68,0.6355116514690984,20.0,59.0,3.0,0.5593746900558472,73536.0,15.0,93.53866666666667,121.4679999186198,5.658666666666667,7.392000011444091,9.488,0.2901618146101634,0.11959636382261912,0.02538873627781868,338.74503087997437,89,PASS
baseline,internal_fold,8,2,0.7412008281573498,0.6057329468496295,0.723404255319149,0.7028985507246377,48.0,46.0,nan,0.41510629653930664,nan,nan,nan,nan,nan,nan,nan,nan,nan,nan,388.25664377212524,88,PASS
pretransformer_edge_residual,internal_fold,8,2,0.6806418219461697,0.6403451480201791,0.6736842105263158,0.6454451345755694,48.0,46.0,1.0,0.44828206300735474,73536.0,15.0,93.53866666666667,121.45999997965495,5.658666666666667,7.390666685740153,9.488,0.22387457144260406,0.09682855993509293,0.013558588922023773,388.2566418647766,88,PASS
baseline,internal_fold,8,3,0.6640786749482401,0.6892617523432871,0.5822784810126582,0.6309523809523809,43.0,60.0,nan,0.39111757278442383,nan,nan,nan,nan,nan,nan,nan,nan,nan,nan,382.1224603652954,88,PASS
pretransformer_edge_residual,internal_fold,8,3,0.6640786749482401,0.6944212376263095,0.5569620253164557,0.6081780538302277,43.0,60.0,1.0,0.38239428400993347,73536.0,15.0,93.53866666666667,121.5893335164388,5.658666666666667,7.397333351135254,9.488,0.34047502382596334,0.1353139511346817,0.013558517210185528,382.1224596500397,88,PASS
baseline,internal_fold,8,4,0.7691511387163561,0.5880453815824804,0.5945945945945946,0.6677018633540373,15.0,23.0,nan,0.3846657872200012,nan,nan,nan,nan,nan,nan,nan,nan,nan,nan,304.65184473991394,88,PASS
pretransformer_edge_residual,internal_fold,8,4,0.7691511387163561,0.5880453764899849,0.5945945945945946,0.6677018633540373,15.0,23.0,0.0,0.3846657872200012,73536.0,15.0,93.53866666666667,121.36666687011719,5.658666666666667,7.381333344777425,9.488,0.2049416171312332,0.09184262414773305,0.0,304.6518428325653,88,PASS
baseline,internal_fold,8,5,0.7441619097042034,0.5915648610309643,0.5333333333333333,0.6152049818370524,12.0,24.0,nan,0.3981872797012329,nan,nan,nan,nan,nan,nan,nan,nan,nan,nan,284.1056411266327,88,PASS
pretransformer_edge_residual,internal_fold,8,5,0.7067981318111054,0.6138794178954163,0.6521739130434782,0.63622210690192,12.0,24.0,3.0,0.4509461224079132,73536.0,15.0,93.53866666666667,121.05066670735677,5.658666666666667,7.354666678110759,9.488,0.23767072689533233,0.11002134251594543,0.023050453513860703,284.10564064979553,88,PASS
baseline,internal_fold,8,6,0.7042034250129735,0.6152330579040671,0.6153846153846154,0.6027503892060198,13.0,38.0,nan,0.44479620456695557,nan,nan,nan,nan,nan,nan,nan,nan,nan,nan,368.1810779571533,88,PASS
pretransformer_edge_residual,internal_fold,8,6,0.6959003632589518,0.6309793131822233,0.5277777777777778,0.628956927867151,13.0,38.0,13.0,0.3089279532432556,73536.0,15.0,93.53866666666667,121.61200012207031,5.658666666666667,7.405333337148031,9.488,0.3413087004025777,0.1271650154789289,0.12126820534467697,368.1810767650604,88,PASS
baseline,internal_fold,8,7,0.7581733264141153,0.5849303947142791,0.6428571428571429,0.6652828230409964,13.0,26.0,nan,0.4226682484149933,nan,nan,nan,nan,nan,nan,nan,nan,nan,nan,325.3463068008423,88,PASS
pretransformer_edge_residual,internal_fold,8,7,0.7581733264141153,0.5849303998549722,0.6428571428571429,0.6652828230409964,13.0,26.0,0.0,0.4226682484149933,73536.0,15.0,93.53866666666667,121.86533359781902,5.658666666666667,7.411999997456869,9.488,0.34366925636927287,0.12777646481990815,0.0,325.34630584716797,88,PASS
baseline,internal_fold,8,8,0.7477944992215879,0.6006888992146664,0.6206896551724138,0.6286974571873378,17.0,32.0,nan,0.49759742617607117,nan,nan,nan,nan,nan,nan,nan,nan,nan,nan,320.73244976997375,88,PASS
pretransformer_edge_residual,internal_fold,8,8,0.7472755578619615,0.5972203890336107,0.6739130434782609,0.6590555267254801,17.0,32.0,1.0,0.5199312567710876,73536.0,15.0,93.53866666666667,121.87866672770183,5.658666666666667,7.413333344777425,9.488,0.3678570353984833,0.1364249778588613,0.013558595441281796,320.732449054718,88,PASS
baseline,internal_fold,8,9,0.7514270887389725,0.5885889074740164,0.575,0.6227296315516346,39.0,29.0,nan,0.3641511797904968,nan,nan,nan,nan,nan,nan,nan,nan,nan,nan,420.1342442035675,88,PASS
pretransformer_edge_residual,internal_fold,8,9,0.7317073170731707,0.605436484260547,0.575,0.6227296315516346,39.0,29.0,11.0,0.36431989073753357,73536.0,15.0,93.53866666666667,121.67866662597656,5.658666666666667,7.406666664123535,9.488,0.33669619711240134,0.12647640697161355,0.1176505833864212,420.13424348831177,88,PASS
baseline,internal_oof,8,all,0.7272516188952814,0.6101743851891387,0.6314553990610329,0.6482495291659143,24.0,36.3,nan,nan,nan,nan,nan,nan,nan,nan,nan,nan,nan,nan,nan,882,PASS
pretransformer_edge_residual,internal_oof,8,all,0.7115863883800727,0.6238682134320565,0.629500580720093,0.6419571218492814,24.0,36.3,3.8,nan,73536.0,15.0,93.53866666666667,121.59306676432293,5.658666666666667,7.397733343251547,9.488,0.30159632761081057,0.11997273059487341,nan,nan,882,PASS
baseline,caltech,8,external,0.6403508771929824,0.670116507323604,0.6857142857142857,0.7046783625730995,25.0,47.0,nan,0.439747154712677,nan,nan,nan,nan,nan,nan,nan,nan,nan,nan,317.3980131149292,37,PASS
baseline,abide2,8,external,0.7343125399551731,0.6048279126173884,0.6957671957671957,0.6882995848513089,25.0,47.0,nan,0.439747154712677,nan,nan,nan,nan,nan,nan,nan,nan,nan,nan,317.3980131149292,726,PASS
pretransformer_edge_residual,caltech,8,external,0.6432748538011697,0.6709293394415142,0.742857142857143,0.7587719298245614,25.0,47.0,4.0,0.41190919280052185,73536.0,15.0,94.28653624856156,122.22209445790948,5.7054085155350975,7.437284238593625,9.558112773302646,0.3459658022922806,0.1283183262798125,0.04587532579898834,317.39801263809204,37,PASS
pretransformer_edge_residual,abide2,8,external,0.7321251145702556,0.605894546010093,0.6602475928473177,0.6694484453105143,25.0,47.0,4.0,0.41190919280052185,73536.0,15.0,94.28653624856156,122.22209445790948,5.7054085155350975,7.437284238593625,9.558112773302646,0.3459658022922806,0.1283183262798125,0.04587532579898834,317.39801263809204,726,PASS
baseline,internal_fold,9,0,0.6732522796352584,0.6448519198946999,0.4533333333333333,0.5498986828774063,29.0,52.0,nan,0.3669530749320984,nan,nan,nan,nan,nan,nan,nan,nan,nan,nan,403.30895733833313,89,PASS
pretransformer_edge_residual,internal_fold,9,0,0.6732522796352584,0.6448519141508667,0.4533333333333333,0.5498986828774063,29.0,52.0,0.0,0.3669530749320984,73536.0,15.0,93.53866666666667,121.40133341471355,5.658666666666667,7.381333344777425,9.488,0.31773353934288023,0.12233572167158127,0.0,403.30895614624023,89,PASS
baseline,internal_fold,9,1,0.7674772036474163,0.571816878126685,0.766355140186916,0.7099797365754813,45.0,58.0,nan,0.5502166152000427,nan,nan,nan,nan,nan,nan,nan,nan,nan,nan,321.14977383613586,89,PASS
pretransformer_edge_residual,internal_fold,9,1,0.7674772036474163,0.5718168781015687,0.766355140186916,0.7099797365754813,45.0,58.0,0.0,0.5502166152000427,73536.0,15.0,93.53866666666667,121.4279999593099,5.658666666666667,7.388000002543132,9.488,0.20030779524644216,0.09092624566952387,0.0,321.14977169036865,89,PASS
baseline,internal_fold,9,2,0.7065217391304348,0.6099327597167222,0.5194805194805194,0.5864389233954451,22.0,36.0,nan,0.37805256247520447,nan,nan,nan,nan,nan,nan,nan,nan,nan,nan,340.90866231918335,88,PASS
pretransformer_edge_residual,internal_fold,9,2,0.7065217391304348,0.6125662551419179,0.5333333333333333,0.610248447204969,22.0,36.0,1.0,0.37168267369270325,73536.0,15.0,93.53866666666667,121.39866682942709,5.658666666666667,7.382666670481364,9.488,0.34184825245539346,0.12736559895674388,0.013558574952185154,340.9086618423462,88,PASS
baseline,internal_fold,9,3,0.7132505175983437,0.6352252370461418,0.702127659574468,0.6801242236024845,19.0,45.0,nan,0.4584823548793793,nan,nan,nan,nan,nan,nan,nan,nan,nan,nan,303.32154512405396,88,PASS
pretransformer_edge_residual,internal_fold,9,3,0.7132505175983437,0.6352252357206729,0.702127659574468,0.6801242236024845,19.0,45.0,0.0,0.4584823548793793,73536.0,15.0,93.53866666666667,121.40533329264323,5.658666666666667,7.381333343505859,9.488,0.3516342364947001,0.13085504523913066,0.0,303.32154417037964,88,PASS
baseline,internal_fold,9,4,0.7070393374741201,0.6168779355676353,0.6,0.6418219461697723,21.0,41.0,nan,0.39648550748825073,nan,nan,nan,nan,nan,nan,nan,nan,nan,nan,308.89836525917053,88,PASS
pretransformer_edge_residual,internal_fold,9,4,0.6645962732919254,0.6757154678607473,0.6391752577319587,0.5988612836438924,21.0,41.0,17.0,0.5521624684333801,73536.0,15.0,93.53866666666667,121.52133353678386,5.658666666666667,7.3919999961853025,9.488,0.33185662150382994,0.1261259740392367,0.1736995130777359,308.8983645439148,88,PASS
baseline,internal_fold,9,5,0.6813700051894136,0.6234854572877885,0.7068965517241379,0.5947067981318112,2.0,41.0,nan,0.6056725978851318,nan,nan,nan,nan,nan,nan,nan,nan,nan,nan,245.16435623168945,88,PASS
pretransformer_edge_residual,internal_fold,9,5,0.6813700051894136,0.6234854535469101,0.7068965517241379,0.5947067981318112,2.0,41.0,0.0,0.6056725978851318,73536.0,15.0,93.53866666666667,121.57733386230468,5.658666666666667,7.398666669209798,9.488,0.22884151780605316,0.09675223211447398,0.0,245.1643557548523,88,PASS
baseline,internal_fold,9,6,0.753502854177478,0.5825036528164979,0.7010309278350516,0.6665801764400623,32.0,30.0,nan,0.4677514433860779,nan,nan,nan,nan,nan,nan,nan,nan,nan,nan,320.45755767822266,88,PASS
pretransformer_edge_residual,internal_fold,9,6,0.7747794499221587,0.5692780081821351,0.6881720430107526,0.6696938245978205,32.0,30.0,1.0,0.43267539143562317,73536.0,15.0,93.53866666666667,121.86000036621094,5.658666666666667,7.416000005086263,9.488,0.09834277083476385,0.050023587544759114,0.013558637350797653,320.4575560092926,88,PASS
baseline,internal_fold,9,7,0.7067981318111053,0.6248950655490488,0.6875000000000001,0.6559418785677218,41.0,23.0,nan,0.4246397018432617,nan,nan,nan,nan,nan,nan,nan,nan,nan,nan,251.6611897945404,88,PASS
pretransformer_edge_residual,internal_fold,9,7,0.7067981318111053,0.6248950689338509,0.6875000000000001,0.6559418785677218,41.0,23.0,0.0,0.4246397018432617,73536.0,15.0,93.53866666666667,121.68933337402343,5.658666666666667,7.402666678110759,9.488,0.3333015745480855,0.12964503626028698,0.0,251.66118931770325,88,PASS
baseline,internal_fold,9,8,0.7431240269849506,0.5834100779535318,0.6585365853658536,0.6896730669434354,18.0,31.0,nan,0.4342493414878845,nan,nan,nan,nan,nan,nan,nan,nan,nan,nan,301.33028388023376,88,PASS
pretransformer_edge_residual,internal_fold,9,8,0.753502854177478,0.5875032908580313,0.7096774193548387,0.6925272444213804,18.0,31.0,3.0,0.4756755828857422,73536.0,15.0,93.53866666666667,121.7066670328776,5.658666666666667,7.404000005086263,9.488,0.285358109553655,0.1203417087594668,0.02583598718047142,301.330283164978,88,PASS
baseline,internal_fold,9,9,0.7109496626881162,0.6204527061121144,0.6990291262135921,0.6390762843798651,46.0,44.0,nan,0.5433006882667542,nan,nan,nan,nan,nan,nan,nan,nan,nan,nan,344.2402982711792,88,PASS
pretransformer_edge_residual,internal_fold,9,9,0.7000518941359627,0.6302215267738637,0.7407407407407407,0.6694343539180072,46.0,44.0,4.0,0.5875499248504639,73536.0,15.0,93.53866666666667,121.72666678873698,5.658666666666667,7.405333337148031,9.488,0.2619524671236674,0.1128576960961024,0.03737715259194374,344.2402973175049,88,PASS
baseline,internal_oof,9,all,0.7192384097417506,0.6113383418642376,0.6601941747572815,0.6420809576636309,27.5,40.1,nan,nan,nan,nan,nan,nan,nan,nan,nan,nan,nan,nan,nan,882,PASS
pretransformer_edge_residual,internal_oof,9,all,0.7137173963520033,0.6175349994649231,0.6729559748427674,0.6436830835117773,27.5,40.1,2.6,nan,73536.0,15.0,93.53866666666667,121.57146684570314,5.658666666666667,7.395200005213421,9.488,0.2751176884909471,0.11072288463513055,nan,nan,882,PASS
baseline,caltech,9,external,0.6578947368421053,0.6484041845940147,0.631578947368421,0.6213450292397661,25.0,32.0,nan,0.4906410872936249,nan,nan,nan,nan,nan,nan,nan,nan,nan,nan,357.2994878292084,37,PASS
baseline,abide2,9,external,0.739118714040344,0.5990890356587031,0.7268232385661311,0.6919003643141575,25.0,32.0,nan,0.4906410872936249,nan,nan,nan,nan,nan,nan,nan,nan,nan,nan,357.2994878292084,726,PASS
pretransformer_edge_residual,caltech,9,external,0.6578947368421053,0.6484041811095874,0.631578947368421,0.6213450292397661,25.0,32.0,0.0,0.4906410872936249,73536.0,15.0,94.28653624856156,122.97583452055726,5.7054085155350975,7.4902186476045705,9.558112773302646,0.3271754013655238,0.1279111459714085,0.0,357.2994866371155,37,PASS
pretransformer_edge_residual,abide2,9,external,0.739118714040344,0.5990890358747045,0.7268232385661311,0.6919003643141575,25.0,32.0,0.0,0.4906410872936249,73536.0,15.0,94.28653624856156,122.97583452055726,5.7054085155350975,7.4902186476045705,9.558112773302646,0.3271754013655238,0.1279111459714085,0.0,357.2994866371155,726,PASS
