method,scope,repeat,fold,auc,bce,f1,balanced_accuracy,selected_encoder_epoch,selected_classifier_epoch,selected_residual_epoch,threshold_hc,dynamic_dim,window_tokens,min_valid_tokens,mean_valid_tokens,min_windows,mean_windows,max_windows,mean_node_switch,mean_node_deviation,n_test,status
baseline,internal_fold,0,0,0.7345491388044579,0.5941451275670527,0.5882352941176471,0.6111955420466059,31.0,24.0,nan,0.4477054476737976,nan,nan,nan,nan,nan,nan,nan,nan,nan,89,PASS
stable_dynamic_residual,internal_fold,0,0,0.7279635258358663,0.5979236964850819,0.5882352941176471,0.6111955420466059,31.0,24.0,18.0,0.4515862762928009,774.0,15.0,93.53866666666667,121.8480000813802,5.658666666666667,7.414666676839193,9.488,0.3548972005049388,0.24561970551808676,89,PASS
baseline,internal_fold,0,1,0.7391084093211753,0.6161905916661402,0.6444444444444444,0.6418439716312057,17.0,11.0,nan,0.4327736496925354,nan,nan,nan,nan,nan,nan,nan,nan,nan,89,PASS
stable_dynamic_residual,internal_fold,0,1,0.7259371833839919,0.6240304810568893,0.7238095238095238,0.6661600810536981,26.0,16.0,130.0,0.4926694631576538,774.0,15.0,93.53866666666667,121.5506669921875,5.658666666666667,7.3946666844685875,9.488,0.3747973238627116,0.260543123960495,89,PASS
baseline,internal_fold,0,2,0.7707039337474121,0.5923427417988308,0.7450980392156864,0.6987577639751552,40.0,64.0,nan,0.5127460956573486,nan,nan,nan,nan,nan,nan,nan,nan,nan,88,PASS
stable_dynamic_residual,internal_fold,0,2,0.7624223602484471,0.5941739779915894,0.7378640776699029,0.6868530020703933,40.0,64.0,32.0,0.52243572473526,774.0,15.0,93.53866666666667,121.2826669108073,5.658666666666667,7.372000012715658,9.488,0.35513113530476886,0.24418468789259593,88,PASS
baseline,internal_fold,0,3,0.753623188405797,0.5905309106512818,0.5507246376811594,0.6589026915113871,36.0,48.0,nan,0.33982905745506287,nan,nan,nan,nan,nan,nan,nan,nan,nan,88,PASS
stable_dynamic_residual,internal_fold,0,3,0.743271221532091,0.5988505917520658,0.6027397260273973,0.6796066252587991,36.0,48.0,149.0,0.3425789773464203,774.0,15.0,93.53866666666667,121.37066680908202,5.658666666666667,7.38400001780192,9.488,0.3680250643889109,0.25485470763842266,88,PASS
baseline,internal_fold,0,4,0.6330227743271222,0.6820481044734951,0.6538461538461539,0.5838509316770186,23.0,49.0,nan,0.5470938682556152,nan,nan,nan,nan,nan,nan,nan,nan,nan,88,PASS
stable_dynamic_residual,internal_fold,0,4,0.5802277432712215,0.7284572912160315,0.7008547008547008,0.5885093167701863,23.0,49.0,149.0,0.6466509103775024,774.0,15.0,93.53866666666667,121.8079999593099,5.658666666666667,7.410666684468588,9.488,0.3646435984770457,0.2523179270426432,88,PASS
baseline,internal_fold,0,5,0.7166580176440063,0.624510580777617,0.6666666666666666,0.6743642968344576,42.0,44.0,nan,0.38566359877586365,nan,nan,nan,nan,nan,nan,nan,nan,nan,88,PASS
stable_dynamic_residual,internal_fold,0,5,0.6896730669434354,0.6431646714487611,0.6451612903225806,0.6240269849507005,42.0,44.0,63.0,0.44919252395629883,774.0,15.0,93.53866666666667,121.65866701253255,5.658666666666667,7.4013333384195965,9.488,0.355578324397405,0.24489592881997427,88,PASS
baseline,internal_fold,0,6,0.7337830825116762,0.6047242209229154,0.6590909090909092,0.6621691748832381,34.0,26.0,nan,0.3995905816555023,nan,nan,nan,nan,nan,nan,nan,nan,nan,88,PASS
stable_dynamic_residual,internal_fold,0,6,0.7343020238713026,0.6046511608156775,0.6590909090909092,0.6621691748832381,34.0,26.0,1.0,0.3990020453929901,774.0,15.0,93.53866666666667,121.66000004069011,5.658666666666667,7.404000011444092,9.488,0.35164803274472556,0.24334474503993989,88,PASS
baseline,internal_fold,0,7,0.7244421380384017,0.6171382801742759,0.6981132075471698,0.6253243383497665,44.0,44.0,nan,0.5990033149719238,nan,nan,nan,nan,nan,nan,nan,nan,nan,88,PASS
stable_dynamic_residual,internal_fold,0,7,0.7259989621172808,0.6175078485574684,0.6981132075471698,0.6253243383497665,44.0,44.0,6.0,0.5897473096847534,774.0,15.0,93.53866666666667,121.74400022379557,5.658666666666667,7.4093333524068195,9.488,0.3575328466097514,0.24582096032301584,88,PASS
baseline,internal_fold,0,8,0.772184743124027,0.5793151829181015,0.7422680412371133,0.7122470160871821,47.0,35.0,nan,0.4791738986968994,nan,nan,nan,nan,nan,nan,nan,nan,nan,88,PASS
stable_dynamic_residual,internal_fold,0,8,0.7711468604047742,0.5797775914015669,0.7142857142857143,0.7337830825116762,47.0,35.0,4.0,0.3998986482620239,774.0,15.0,93.53866666666667,121.3800000406901,5.658666666666667,7.378666678110759,9.488,0.3702246873378754,0.2571552472114563,88,PASS
baseline,internal_fold,0,9,0.6600934094447327,0.6658131242875758,0.6136363636363638,0.6165023352361183,21.0,52.0,nan,0.4364883601665497,nan,nan,nan,nan,nan,nan,nan,nan,nan,88,PASS
stable_dynamic_residual,internal_fold,0,9,0.6637259989621173,0.6594133023564527,0.4999999999999999,0.580176440062273,21.0,52.0,60.0,0.34905728697776794,774.0,15.0,93.53866666666667,121.54533337402344,5.658666666666667,7.396000011444092,9.488,0.359088147242864,0.24770416673024495,88,PASS
baseline,internal_oof,0,all,0.7211165862593845,0.6166497912246195,0.6615720524017468,0.648507520445809,33.5,39.7,nan,nan,nan,nan,nan,nan,nan,nan,nan,nan,nan,882,PASS
stable_dynamic_residual,internal_oof,0,all,0.7103531900621758,0.624763728037099,0.6645161290322581,0.6452929490983205,34.4,40.2,61.2,nan,774.0,15.0,93.53866666666667,121.58480014444986,5.658666666666667,7.39653334681193,9.488,0.36115663608709975,0.2496441200176875,882,PASS
baseline,caltech,0,external,0.7485380116959064,0.5869514789737384,0.6060606060606061,0.652046783625731,1.0,37.0,nan,0.371360182762146,nan,nan,nan,nan,nan,nan,nan,nan,nan,37,PASS
baseline,abide2,0,external,0.7212187964539062,0.6119981066218463,0.5945945945945945,0.6476319579767855,1.0,37.0,nan,0.371360182762146,nan,nan,nan,nan,nan,nan,nan,nan,nan,726,PASS
stable_dynamic_residual,caltech,0,external,0.7222222222222222,0.5986936264534103,0.5882352941176471,0.6242690058479532,1.0,37.0,21.0,0.38826876878738403,774.0,15.0,94.28653624856156,122.63981626662067,5.7054085155350975,7.463751454347845,9.558112773302646,0.35753063434012605,0.24653308866899223,37,PASS
stable_dynamic_residual,abide2,0,external,0.7101045188819484,0.6269344820680544,0.5564142194744978,0.6270863339828857,1.0,37.0,21.0,0.38826876878738403,774.0,15.0,94.28653624856156,122.63981626662067,5.7054085155350975,7.463751454347845,9.558112773302646,0.35753063434012605,0.24653308866899223,726,PASS
baseline,internal_fold,1,0,0.7689969604863222,0.5851547162497089,0.6444444444444444,0.6418439716312057,30.0,17.0,nan,0.4790838658809662,nan,nan,nan,nan,nan,nan,nan,nan,nan,89,PASS
stable_dynamic_residual,internal_fold,1,0,0.720871327254306,0.6193860062101253,0.6222222222222222,0.6193009118541033,30.0,17.0,139.0,0.46093180775642395,774.0,15.0,93.53866666666667,121.39600030517578,5.658666666666667,7.378666670481364,9.488,0.35679173906644185,0.24721134877204895,89,PASS
baseline,internal_fold,1,1,0.8252279635258359,0.5551326504735762,0.6111111111111112,0.6983282674772037,49.0,22.0,nan,0.368239164352417,nan,nan,nan,nan,nan,nan,nan,nan,nan,89,PASS
stable_dynamic_residual,internal_fold,1,1,0.8009118541033434,0.5692217596813428,0.6987951807228916,0.725177304964539,16.0,25.0,149.0,0.42343491315841675,774.0,15.0,93.53866666666667,121.44666687011718,5.658666666666667,7.389333329518636,9.488,0.3624688554604848,0.2506840765476227,89,PASS
baseline,internal_fold,1,2,0.767080745341615,0.5832336786122135,0.688888888888889,0.6821946169772257,10.0,89.0,nan,0.46658116579055786,nan,nan,nan,nan,nan,nan,nan,nan,nan,88,PASS
stable_dynamic_residual,internal_fold,1,2,0.7908902691511387,0.5611858458525806,0.7307692307692308,0.6749482401656315,10.0,89.0,149.0,0.5775265693664551,774.0,15.0,93.53866666666667,121.60799987792969,5.658666666666667,7.398666676839193,9.488,0.353629762172699,0.24290955913066864,88,PASS
baseline,internal_fold,1,3,0.7127329192546584,0.6179504097537073,0.6981132075471699,0.6283643892339544,48.0,41.0,nan,0.504424512386322,nan,nan,nan,nan,nan,nan,nan,nan,nan,88,PASS
stable_dynamic_residual,internal_fold,1,3,0.7230848861283644,0.6127042967894893,0.6590909090909092,0.660455486542443,22.0,37.0,55.0,0.40876761078834534,774.0,15.0,93.53866666666667,121.45066687011719,5.658666666666667,7.386666685740153,9.488,0.3552972697416941,0.24452541355292,88,PASS
baseline,internal_fold,1,4,0.6428571428571429,0.6825225055397677,0.6607142857142857,0.556935817805383,42.0,31.0,nan,0.630062460899353,nan,nan,nan,nan,nan,nan,nan,nan,nan,88,PASS
stable_dynamic_residual,internal_fold,1,4,0.6640786749482402,0.6570857311507443,0.5842696629213482,0.5802277432712215,42.0,31.0,149.0,0.5121573209762573,774.0,15.0,93.53866666666667,121.62133369954427,5.658666666666667,7.401333356221517,9.488,0.35735539690653484,0.24582743867238363,88,PASS
baseline,internal_fold,1,5,0.7016087182148417,0.6292852803122958,0.6938775510204082,0.6543850544888428,43.0,49.0,nan,0.4940984547138214,nan,nan,nan,nan,nan,nan,nan,nan,nan,88,PASS
stable_dynamic_residual,internal_fold,1,5,0.7016087182148417,0.6292852803122958,0.6938775510204082,0.6543850544888428,43.0,49.0,0.0,0.4940984547138214,774.0,15.0,93.53866666666667,121.63866697184245,5.658666666666667,7.401333330790202,9.488,0.3609929390748342,0.24854238327344258,88,PASS
baseline,internal_fold,1,6,0.6974571873378308,0.6180345972098239,0.673469387755102,0.6315516346652829,46.0,51.0,nan,0.5254612565040588,nan,nan,nan,nan,nan,nan,nan,nan,nan,88,PASS
stable_dynamic_residual,internal_fold,1,6,0.7176959003632588,0.6119271353746043,0.6190476190476191,0.6424494032174364,46.0,51.0,40.0,0.45490843057632446,774.0,15.0,93.53866666666667,121.81600034586589,5.658666666666667,7.413333338419596,9.488,0.36407337148984276,0.25210666545232135,88,PASS
baseline,internal_fold,1,7,0.677737415672029,0.6420181431933061,0.380952380952381,0.5788790866632071,13.0,8.0,nan,0.36799097061157227,nan,nan,nan,nan,nan,nan,nan,nan,nan,88,PASS
stable_dynamic_residual,internal_fold,1,7,0.6860404774260509,0.6417555892424907,0.380952380952381,0.5788790866632071,13.0,8.0,3.0,0.36463218927383423,774.0,15.0,93.53866666666667,121.23866701253255,5.658666666666667,7.37066667175293,9.488,0.3836162784099579,0.26779116503397626,88,PASS
baseline,internal_fold,1,8,0.7213284898806435,0.6174754390166967,0.737864077669903,0.684743124026985,47.0,50.0,nan,0.4997186064720154,nan,nan,nan,nan,nan,nan,nan,nan,nan,88,PASS
stable_dynamic_residual,internal_fold,1,8,0.7291126102750388,0.6130767603248569,0.7524752475247524,0.7091333679294239,47.0,50.0,19.0,0.5045009255409241,774.0,15.0,93.53866666666667,121.82933337402343,5.658666666666667,7.412000011444092,9.488,0.3627929488023122,0.2506963249842326,88,PASS
baseline,internal_fold,1,9,0.7919045147898288,0.5715671533488726,0.7422680412371133,0.7122470160871821,34.0,17.0,nan,0.5137801170349121,nan,nan,nan,nan,nan,nan,nan,nan,nan,88,PASS
stable_dynamic_residual,internal_fold,1,9,0.7950181629475869,0.5709235886616336,0.7333333333333334,0.7291126102750389,34.0,17.0,9.0,0.47589775919914246,774.0,15.0,93.53866666666667,121.66000020345052,5.658666666666667,7.404000003814697,9.488,0.35914988787968954,0.24711376098791757,88,PASS
baseline,internal_oof,1,all,0.7252908851680813,0.610146541783674,0.6652314316469322,0.6464977683754289,36.2,37.5,nan,nan,nan,nan,nan,nan,nan,nan,nan,nan,nan,882,PASS
stable_dynamic_residual,internal_oof,1,all,0.7270916643017467,0.6086226566924102,0.6584269662921347,0.6570779907639122,30.3,37.4,71.2,nan,774.0,15.0,93.53866666666667,121.57053355305989,5.658666666666667,7.395600007502239,9.488,0.3616168449004491,0.24974081364075343,882,PASS
baseline,caltech,1,external,0.5877192982456141,0.6742196443456162,0.5405405405405405,0.5409356725146199,29.0,22.0,nan,0.504520058631897,nan,nan,nan,nan,nan,nan,nan,nan,nan,37,PASS
baseline,abide2,1,external,0.7415911209014658,0.6038843137798825,0.7479289940828402,0.6969838176734728,29.0,22.0,nan,0.504520058631897,nan,nan,nan,nan,nan,nan,nan,nan,nan,726,PASS
stable_dynamic_residual,caltech,1,external,0.5760233918128654,0.6892149284109284,0.5641025641025641,0.5394736842105263,29.0,22.0,58.0,0.5481695532798767,774.0,15.0,94.28653624856156,122.40161148615618,5.7054085155350975,7.447640978151416,9.558112773302646,0.35471968107585666,0.24411096045762404,37,PASS
stable_dynamic_residual,abide2,1,external,0.725632158234039,0.6125521518676865,0.7262443438914027,0.6498347877658223,29.0,22.0,58.0,0.5481695532798767,774.0,15.0,94.28653624856156,122.40161148615618,5.7054085155350975,7.447640978151416,9.558112773302646,0.35471968107585666,0.24411096045762404,726,PASS
baseline,internal_fold,2,0,0.7304964539007093,0.6012729887681187,0.68,0.6355116514690984,33.0,34.0,nan,0.5146708488464355,nan,nan,nan,nan,nan,nan,nan,nan,nan,89,PASS
stable_dynamic_residual,internal_fold,2,0,0.7279635258358663,0.6056282513738698,0.7307692307692306,0.6780648429584599,33.0,34.0,57.0,0.5280236601829529,774.0,15.0,93.53866666666667,121.77866684977214,5.658666666666667,7.408000019073486,9.488,0.356108021179835,0.24442872254053752,89,PASS
baseline,internal_fold,2,1,0.815096251266464,0.5389044241171201,0.7252747252747254,0.7201114488348531,21.0,53.0,nan,0.4294130504131317,nan,nan,nan,nan,nan,nan,nan,nan,nan,89,PASS
stable_dynamic_residual,internal_fold,2,1,0.8090172239108409,0.5439753844591584,0.7142857142857143,0.7358156028368794,21.0,53.0,67.0,0.3911079168319702,774.0,15.0,93.53866666666667,121.40933353678385,5.658666666666667,7.385333329518636,9.488,0.3600983624458313,0.24811171785990396,89,PASS
baseline,internal_fold,2,2,0.69824016563147,0.6526711857807065,0.6788990825688073,0.5926501035196687,36.0,34.0,nan,0.5274521112442017,nan,nan,nan,nan,nan,nan,nan,nan,nan,88,PASS
stable_dynamic_residual,internal_fold,2,2,0.6889233954451346,0.6734597251427143,0.6530612244897959,0.6097308488612836,36.0,34.0,144.0,0.4400004744529724,774.0,15.0,93.53866666666667,121.99466664632162,5.658666666666667,7.422666662851969,9.488,0.3763582473595937,0.26959206962585447,88,PASS
baseline,internal_fold,2,3,0.7810559006211181,0.587015076628588,0.6493506493506493,0.7003105590062111,37.0,21.0,nan,0.42446234822273254,nan,nan,nan,nan,nan,nan,nan,nan,nan,88,PASS
stable_dynamic_residual,internal_fold,2,3,0.7810559006211181,0.587015076628588,0.6493506493506493,0.7003105590062111,37.0,21.0,0.0,0.42446234822273254,774.0,15.0,93.53866666666667,121.64400028483072,5.658666666666667,7.401333349863688,9.488,0.36022230339050293,0.24887934756278993,88,PASS
baseline,internal_fold,2,4,0.7148033126293996,0.6055291401804666,0.6315789473684211,0.6894409937888198,12.0,17.0,nan,0.3994411826133728,nan,nan,nan,nan,nan,nan,nan,nan,nan,88,PASS
stable_dynamic_residual,internal_fold,2,4,0.7127329192546584,0.6039292137579495,0.625,0.6645962732919255,12.0,17.0,6.0,0.4124900996685028,774.0,15.0,93.53866666666667,121.57866707356771,5.658666666666667,7.397333343505859,9.488,0.3539063721497854,0.24295451315244038,88,PASS
baseline,internal_fold,2,5,0.7545407368967306,0.5944704773333847,0.6868686868686869,0.6421899325376232,14.0,21.0,nan,0.4978809058666229,nan,nan,nan,nan,nan,nan,nan,nan,nan,88,PASS
stable_dynamic_residual,internal_fold,2,5,0.7555786196159834,0.5922695594590967,0.6868686868686869,0.6421899325376232,14.0,21.0,6.0,0.4919969141483307,774.0,15.0,93.53866666666667,121.60266674804687,5.658666666666667,7.397333330790202,9.488,0.3967384119033813,0.2791931706269582,88,PASS
baseline,internal_fold,2,6,0.7052413077322263,0.6224436599924681,0.674698795180723,0.7003113648157758,40.0,23.0,nan,0.4165972173213959,nan,nan,nan,nan,nan,nan,nan,nan,nan,88,PASS
stable_dynamic_residual,internal_fold,2,6,0.7088738972496108,0.6215737767890982,0.6909090909090909,0.5993772703684483,40.0,23.0,7.0,0.5864959359169006,774.0,15.0,93.53866666666667,121.42933365885416,5.658666666666667,7.383999998728434,9.488,0.3724019412994385,0.25928894718488055,88,PASS
baseline,internal_fold,2,7,0.6969382459782044,0.6218428051431868,0.6666666666666666,0.6743642968344576,32.0,26.0,nan,0.43831804394721985,nan,nan,nan,nan,nan,nan,nan,nan,nan,88,PASS
stable_dynamic_residual,internal_fold,2,7,0.7109496626881162,0.6174270468837084,0.6190476190476191,0.6424494032174364,32.0,26.0,43.0,0.43662384152412415,774.0,15.0,93.53866666666667,121.21866662597657,5.658666666666667,7.370666664123535,9.488,0.3537412453492482,0.24300418313344319,88,PASS
baseline,internal_fold,2,8,0.7021276595744681,0.6196068893377953,0.6363636363636364,0.6393357550596783,27.0,22.0,nan,0.4434633255004883,nan,nan,nan,nan,nan,nan,nan,nan,nan,88,PASS
stable_dynamic_residual,internal_fold,2,8,0.7021276595744681,0.6196068893377953,0.6363636363636364,0.6393357550596783,27.0,22.0,0.0,0.4434633255004883,774.0,15.0,93.53866666666667,121.4773334757487,5.658666666666667,7.39066667175293,9.488,0.3545012118816376,0.24318338151772817,88,PASS
baseline,internal_fold,2,9,0.6486766995329528,0.652387775309338,0.6153846153846154,0.6027503892060198,30.0,19.0,nan,0.4861973226070404,nan,nan,nan,nan,nan,nan,nan,nan,nan,88,PASS
stable_dynamic_residual,internal_fold,2,9,0.654903995848469,0.6512240197239869,0.6222222222222222,0.6149455111572393,30.0,19.0,11.0,0.4821721315383911,774.0,15.0,93.53866666666667,121.58400008138021,5.658666666666667,7.39733335240682,9.488,0.3568539534409841,0.24562075599034627,88,PASS
baseline,internal_oof,2,all,0.7261061376125486,0.6095248147402591,0.6659267480577137,0.6597533603364206,28.2,27.0,nan,nan,nan,nan,nan,nan,nan,nan,nan,nan,nan,882,PASS
stable_dynamic_residual,internal_oof,2,all,0.7246613864451381,0.6115274270620839,0.6652078774617068,0.6531926420886974,28.2,27.0,34.1,nan,774.0,15.0,93.53866666666667,121.57173349812827,5.658666666666667,7.395466672261556,9.488,0.3640930070400238,0.2524256809194883,882,PASS
baseline,caltech,2,external,0.6900584795321637,0.6214834056813221,0.6842105263157895,0.6754385964912281,24.0,41.0,nan,0.47712039947509766,nan,nan,nan,nan,nan,nan,nan,nan,nan,37,PASS
baseline,abide2,2,external,0.730099435428589,0.6067044991850117,0.6870229007633588,0.6608489367110058,24.0,41.0,nan,0.47712039947509766,nan,nan,nan,nan,nan,nan,nan,nan,nan,726,PASS
stable_dynamic_residual,caltech,2,external,0.6900584795321637,0.6214834056813221,0.6842105263157895,0.6754385964912281,24.0,41.0,0.0,0.47712039947509766,774.0,15.0,94.28653624856156,122.57537420380376,5.7054085155350975,7.461449950693392,9.558112773302646,0.3619651140771609,0.24988594771254596,37,PASS
stable_dynamic_residual,abide2,2,external,0.730099435428589,0.6067044991850117,0.6870229007633588,0.6608489367110058,24.0,41.0,0.0,0.47712039947509766,774.0,15.0,94.28653624856156,122.57537420380376,5.7054085155350975,7.461449950693392,9.558112773302646,0.3619651140771609,0.24988594771254596,726,PASS
baseline,internal_fold,3,0,0.8039513677811551,0.5227550787745525,0.7252747252747254,0.7201114488348531,44.0,75.0,nan,0.3966841399669647,nan,nan,nan,nan,nan,nan,nan,nan,nan,89,PASS
stable_dynamic_residual,internal_fold,3,0,0.8135764944275584,0.5126374220692381,0.6666666666666666,0.6907294832826747,44.0,75.0,139.0,0.3456892967224121,774.0,15.0,93.53866666666667,121.4373334757487,5.658666666666667,7.385333329518636,9.488,0.35783345890045165,0.24717012039820352,89,PASS
baseline,internal_fold,3,1,0.6671732522796352,0.637090173087002,0.6067415730337079,0.608662613981763,40.0,33.0,nan,0.47583502531051636,nan,nan,nan,nan,nan,nan,nan,nan,nan,89,PASS
stable_dynamic_residual,internal_fold,3,1,0.6681864235055724,0.6364346112837419,0.6136363636363638,0.6205673758865249,40.0,33.0,11.0,0.467630535364151,774.0,15.0,93.53866666666667,121.26266658528645,5.658666666666667,7.373333343505859,9.488,0.35225642935434975,0.24185081601142883,89,PASS
baseline,internal_fold,3,2,0.717391304347826,0.6181667258894022,0.6265060240963856,0.6516563146997929,50.0,46.0,nan,0.41293200850486755,nan,nan,nan,nan,nan,nan,nan,nan,nan,88,PASS
stable_dynamic_residual,internal_fold,3,2,0.6982401656314701,0.640186574974306,0.6097560975609756,0.6407867494824017,19.0,43.0,66.0,0.3989146649837494,774.0,15.0,93.53866666666667,121.40666658528646,5.658666666666667,7.386666676839193,9.488,0.3595275109608968,0.24739820567766826,88,PASS
baseline,internal_fold,3,3,0.6832298136645962,0.6656636917393827,0.5882352941176471,0.605072463768116,31.0,55.0,nan,0.4031887650489807,nan,nan,nan,nan,nan,nan,nan,nan,nan,88,PASS
stable_dynamic_residual,internal_fold,3,3,0.6785714285714286,0.6669250884798734,0.5679012345679013,0.6071428571428572,31.0,55.0,4.0,0.3729206323623657,774.0,15.0,93.53866666666667,122.05866658528646,5.658666666666667,7.432000003814697,9.488,0.3707550189495087,0.2574865756034851,88,PASS
baseline,internal_fold,3,4,0.8286749482401656,0.5402427667423155,0.7356321839080461,0.7406832298136645,30.0,40.0,nan,0.447625994682312,nan,nan,nan,nan,nan,nan,nan,nan,nan,88,PASS
stable_dynamic_residual,internal_fold,3,4,0.8245341614906833,0.5452154625802049,0.7692307692307693,0.7613871635610766,30.0,40.0,36.0,0.4732823967933655,774.0,15.0,93.53866666666667,121.9266669921875,5.658666666666667,7.418666676839193,9.488,0.36045340474446613,0.24897904483477273,88,PASS
baseline,internal_fold,3,5,0.783601453035807,0.5680175005094384,0.7,0.7368967306694343,30.0,45.0,nan,0.3871982991695404,nan,nan,nan,nan,nan,nan,nan,nan,nan,88,PASS
stable_dynamic_residual,internal_fold,3,5,0.783601453035807,0.5680175005094384,0.7,0.7368967306694343,30.0,45.0,0.0,0.3871982991695404,774.0,15.0,93.53866666666667,121.6080000406901,5.658666666666667,7.400000011444091,9.488,0.3497537000974019,0.23967696630954743,88,PASS
baseline,internal_fold,3,6,0.7602490918526207,0.5886245772585731,0.6521739130434782,0.63622210690192,28.0,23.0,nan,0.47241926193237305,nan,nan,nan,nan,nan,nan,nan,nan,nan,88,PASS
stable_dynamic_residual,internal_fold,3,6,0.7602490918526207,0.5886245772585731,0.6521739130434782,0.63622210690192,28.0,23.0,0.0,0.47241926193237305,774.0,15.0,93.53866666666667,121.74266689046225,5.658666666666667,7.408000019073486,9.488,0.35132914916674296,0.24116958085695903,88,PASS
baseline,internal_fold,3,7,0.7441619097042035,0.5831132499234605,0.6966292134831461,0.6956408925791385,25.0,47.0,nan,0.4568895101547241,nan,nan,nan,nan,nan,nan,nan,nan,nan,88,PASS
stable_dynamic_residual,internal_fold,3,7,0.7441619097042034,0.5846154725380637,0.6823529411764706,0.6987545407368967,25.0,47.0,22.0,0.41772300004959106,774.0,15.0,93.53866666666667,121.44666680908203,5.658666666666667,7.388000020345052,9.488,0.35726038297017415,0.24592611054579416,88,PASS
baseline,internal_fold,3,8,0.7747794499221589,0.5884787759314863,0.7142857142857144,0.6772184743124027,34.0,26.0,nan,0.45214223861694336,nan,nan,nan,nan,nan,nan,nan,nan,nan,88,PASS
stable_dynamic_residual,internal_fold,3,8,0.7509081473793461,0.6101263326638023,0.7289719626168223,0.6587960560456668,2.0,13.0,58.0,0.5348556041717529,774.0,15.0,93.53866666666667,121.65066697184245,5.658666666666667,7.396000003814697,9.488,0.37393756095568337,0.2594614760875702,88,PASS
baseline,internal_fold,3,9,0.6424494032174364,0.6717034389206245,0.6326530612244897,0.5858847950181629,11.0,32.0,nan,0.4951927959918976,nan,nan,nan,nan,nan,nan,nan,nan,nan,88,PASS
stable_dynamic_residual,internal_fold,3,9,0.6434872859366891,0.6703148793904827,0.5934065934065934,0.5799169693824597,11.0,32.0,8.0,0.4683244824409485,774.0,15.0,93.53866666666667,121.04800020345053,5.658666666666667,7.360000012715657,9.488,0.375193119208018,0.26096045517921446,88,PASS
baseline,internal_oof,3,all,0.7395732824230541,0.5983437317280845,0.6681614349775785,0.6660457676530533,32.3,42.2,nan,nan,nan,nan,nan,nan,nan,nan,nan,nan,nan,882,PASS
stable_dynamic_residual,internal_oof,3,all,0.7355486184566962,0.60224681309201,0.6606129398410897,0.6633703980805449,26.0,40.6,34.4,nan,774.0,15.0,93.53866666666667,121.5588001139323,5.658666666666667,7.394800009791055,9.488,0.36082997353076934,0.24900793515046443,882,PASS
baseline,caltech,3,external,0.6228070175438596,0.6755441650144289,0.5714285714285715,0.5102339181286549,8.0,61.0,nan,0.5580559372901917,nan,nan,nan,nan,nan,nan,nan,nan,nan,37,PASS
baseline,abide2,3,external,0.7402124267328029,0.5972539821389442,0.740990990990991,0.6659323900703211,8.0,61.0,nan,0.5580559372901917,nan,nan,nan,nan,nan,nan,nan,nan,nan,726,PASS
stable_dynamic_residual,caltech,3,external,0.5760233918128654,0.7016121640177101,0.5945945945945946,0.5950292397660819,25.0,70.0,43.0,0.5262219309806824,774.0,15.0,94.28653624856156,122.46375155256862,5.7054085155350975,7.451093227597183,9.558112773302646,0.35747956677465365,0.2460137149887063,37,PASS
stable_dynamic_residual,abide2,3,external,0.7425384917547927,0.5989924844524566,0.7335722819593787,0.6843599084978396,25.0,70.0,43.0,0.5262219309806824,774.0,15.0,94.28653624856156,122.46375155256862,5.7054085155350975,7.451093227597183,9.558112773302646,0.35747956677465365,0.2460137149887063,726,PASS
baseline,internal_fold,4,0,0.6904761904761905,0.6410328769131185,0.5853658536585366,0.6243667679837892,41.0,48.0,nan,0.35334235429763794,nan,nan,nan,nan,nan,nan,nan,nan,nan,89,PASS
stable_dynamic_residual,internal_fold,4,0,0.6894630192502532,0.6404210104116563,0.5853658536585366,0.6243667679837892,41.0,48.0,4.0,0.35299623012542725,774.0,15.0,93.53866666666667,121.69333341471354,5.658666666666667,7.405333351135254,9.488,0.35464885902404786,0.24356369451681772,89,PASS
baseline,internal_fold,4,1,0.7107396149949342,0.61924806797645,0.575,0.6256332320162107,37.0,48.0,nan,0.34223291277885437,nan,nan,nan,nan,nan,nan,nan,nan,nan,89,PASS
stable_dynamic_residual,internal_fold,4,1,0.7163120567375887,0.6198664264657409,0.5822784810126582,0.6375379939209727,37.0,48.0,78.0,0.3278452157974243,774.0,15.0,93.53866666666667,121.70133325195313,5.658666666666667,7.405333337148031,9.488,0.3517028824488322,0.2412255560954412,89,PASS
baseline,internal_fold,4,2,0.7261904761904763,0.6001735873306315,0.6956521739130435,0.681159420289855,46.0,48.0,nan,0.45306888222694397,nan,nan,nan,nan,nan,nan,nan,nan,nan,88,PASS
stable_dynamic_residual,internal_fold,4,2,0.7339544513457557,0.6004962562456313,0.6947368421052631,0.6682194616977226,46.0,48.0,36.0,0.46858271956443787,774.0,15.0,93.53866666666667,121.51200034586589,5.658666666666667,7.390666685740153,9.488,0.36733767890930175,0.2551139481862386,88,PASS
baseline,internal_fold,4,3,0.7386128364389234,0.617339841114542,0.7272727272727273,0.6889233954451346,45.0,28.0,nan,0.4763961434364319,nan,nan,nan,nan,nan,nan,nan,nan,nan,88,PASS
stable_dynamic_residual,internal_fold,4,3,0.7370600414078674,0.6163898071416972,0.7346938775510203,0.7008281573498965,45.0,28.0,8.0,0.47277382016181946,774.0,15.0,93.53866666666667,121.54266687011719,5.658666666666667,7.396000019073487,9.488,0.3934809756278992,0.27601659003893536,88,PASS
baseline,internal_fold,4,4,0.75,0.6076162471027815,0.5753424657534246,0.6568322981366459,43.0,29.0,nan,0.385620653629303,nan,nan,nan,nan,nan,nan,nan,nan,nan,88,PASS
stable_dynamic_residual,internal_fold,4,4,0.7484472049689441,0.607669559877116,0.6585365853658538,0.6863354037267081,43.0,29.0,2.0,0.44440481066703796,774.0,15.0,93.53866666666667,121.47066701253256,5.658666666666667,7.388000011444092,9.488,0.3654951837857564,0.2529305198192596,88,PASS
baseline,internal_fold,4,5,0.6580176440062273,0.6538483715697005,0.6,0.5921120913336793,44.0,38.0,nan,0.4620029926300049,nan,nan,nan,nan,nan,nan,nan,nan,nan,88,PASS
stable_dynamic_residual,internal_fold,4,5,0.6351842241826674,0.6765387888640241,0.55,0.5998962117280747,7.0,28.0,90.0,0.39300569891929626,774.0,15.0,93.53866666666667,121.36533339436849,5.658666666666667,7.3773333460489905,9.488,0.3646219921906789,0.25220627649625144,88,PASS
baseline,internal_fold,4,6,0.7675142708873898,0.5766144659022784,0.7070707070707072,0.6650233523611832,47.0,23.0,nan,0.484072744846344,nan,nan,nan,nan,nan,nan,nan,nan,nan,88,PASS
stable_dynamic_residual,internal_fold,4,6,0.7498702646600934,0.5960459752019602,0.6075949367088608,0.6577581733264142,6.0,12.0,62.0,0.42838260531425476,774.0,15.0,93.53866666666667,121.7800000406901,5.658666666666667,7.4093333447774254,9.488,0.36479869373639423,0.2526269697348277,88,PASS
baseline,internal_fold,4,7,0.7384535547483134,0.6038162895542902,0.6666666666666666,0.6331084587441619,50.0,16.0,nan,0.5031538605690002,nan,nan,nan,nan,nan,nan,nan,nan,nan,88,PASS
stable_dynamic_residual,internal_fold,4,7,0.7405293201868188,0.6076646903520923,0.7241379310344828,0.6175402179553711,50.0,16.0,61.0,0.5810259580612183,774.0,15.0,93.53866666666667,121.8640000406901,5.658666666666667,7.414666678110758,9.488,0.3596306092739105,0.24819315115610757,88,PASS
baseline,internal_fold,4,8,0.7254800207576544,0.6172118221850961,0.7272727272727273,0.6450441100155683,16.0,15.0,nan,0.5345062613487244,nan,nan,nan,nan,nan,nan,nan,nan,nan,88,PASS
stable_dynamic_residual,internal_fold,4,8,0.7254800207576544,0.6172118221850961,0.7272727272727273,0.6450441100155683,16.0,15.0,0.0,0.5345062613487244,774.0,15.0,93.53866666666667,121.21866662597657,5.658666666666667,7.371999997456869,9.488,0.35743563214937846,0.24587046412626903,88,PASS
baseline,internal_fold,4,9,0.7166580176440063,0.6062408754161503,0.6972477064220183,0.6115723923196679,33.0,46.0,nan,0.5597924590110779,nan,nan,nan,nan,nan,nan,nan,nan,nan,88,PASS
stable_dynamic_residual,internal_fold,4,9,0.7280747275557862,0.6017202468035439,0.7102803738317757,0.6359626362221069,33.0,46.0,34.0,0.5489724278450012,774.0,15.0,93.53866666666667,121.39333339436848,5.658666666666667,7.381333344777425,9.488,0.36954836201667784,0.2560557864507039,88,PASS
baseline,internal_oof,4,all,0.7216222491679781,0.6143501316446859,0.6623655913978495,0.6430174660096488,40.2,33.9,nan,nan,nan,nan,nan,nan,nan,nan,nan,nan,nan,882,PASS
stable_dynamic_residual,internal_oof,4,all,0.7187637057867444,0.6184290825273816,0.665948275862069,0.6477025876525373,32.4,31.8,37.5,nan,774.0,15.0,93.53866666666667,121.5541334391276,5.658666666666667,7.394000011571249,9.488,0.36487008691628775,0.2523802956620852,882,PASS
baseline,caltech,4,external,0.6783625730994153,0.6416910607578635,0.5517241379310345,0.6549707602339181,17.0,34.0,nan,0.33132919669151306,nan,nan,nan,nan,nan,nan,nan,nan,nan,37,PASS
baseline,abide2,4,external,0.7482458234809333,0.5941067903768881,0.5025295109612141,0.6250529526391595,17.0,34.0,nan,0.33132919669151306,nan,nan,nan,nan,nan,nan,nan,nan,nan,726,PASS
stable_dynamic_residual,caltech,4,external,0.652046783625731,0.6486283938044182,0.5517241379310345,0.6549707602339181,17.0,34.0,6.0,0.33047133684158325,774.0,15.0,94.28653624856156,122.5638665044541,5.7054085155350975,7.459148456367168,9.558112773302646,0.35768761757602624,0.24673154324258842,37,PASS
stable_dynamic_residual,abide2,4,external,0.7432239877380944,0.5989596784254944,0.4827586206896552,0.6202660340591375,17.0,34.0,6.0,0.33047133684158325,774.0,15.0,94.28653624856156,122.5638665044541,5.7054085155350975,7.459148456367168,9.558112773302646,0.35768761757602624,0.24673154324258842,726,PASS
baseline,internal_fold,5,0,0.776595744680851,0.5748295970559724,0.7572815533980581,0.7125126646403241,44.0,31.0,nan,0.5510036945343018,nan,nan,nan,nan,nan,nan,nan,nan,nan,89,PASS
stable_dynamic_residual,internal_fold,5,0,0.7689969604863222,0.5737349203706237,0.6428571428571429,0.6681864235055724,44.0,31.0,22.0,0.4585372507572174,774.0,15.0,93.53866666666667,121.42133359781901,5.658666666666667,7.38400001780192,9.488,0.3615082844098409,0.24980234225591025,89,PASS
baseline,internal_fold,5,1,0.7304964539007093,0.6161119000346877,0.6206896551724138,0.6324721377912867,34.0,39.0,nan,0.39609748125076294,nan,nan,nan,nan,nan,nan,nan,nan,nan,89,PASS
stable_dynamic_residual,internal_fold,5,1,0.7304964539007093,0.6161119000346877,0.6206896551724138,0.6324721377912867,34.0,39.0,0.0,0.39609748125076294,774.0,15.0,93.53866666666667,121.6146670328776,5.658666666666667,7.401333335876465,9.488,0.3508752250671387,0.24083909932772318,89,PASS
baseline,internal_fold,5,2,0.8136645962732919,0.5227880268747426,0.675,0.7101449275362319,44.0,42.0,nan,0.4037691056728363,nan,nan,nan,nan,nan,nan,nan,nan,nan,88,PASS
stable_dynamic_residual,internal_fold,5,2,0.8136645962732919,0.5227880268747426,0.675,0.7101449275362319,44.0,42.0,0.0,0.4037691056728363,774.0,15.0,93.53866666666667,121.79200028483073,5.658666666666667,7.414666670481364,9.488,0.35000594210624697,0.2397751343647639,88,PASS
baseline,internal_fold,5,3,0.7137681159420289,0.6153506554378129,0.6451612903225806,0.6237060041407867,45.0,49.0,nan,0.48703595995903015,nan,nan,nan,nan,nan,nan,nan,nan,nan,88,PASS
stable_dynamic_residual,internal_fold,5,3,0.7137681159420289,0.6153506554378129,0.6451612903225806,0.6237060041407867,45.0,49.0,0.0,0.48703595995903015,774.0,15.0,93.96533333333333,121.69866703287761,5.658666666666667,7.405333329518636,9.488,0.3592330799102783,0.24751507131258646,88,PASS
baseline,internal_fold,5,4,0.6940993788819877,0.6263496635601044,0.6206896551724138,0.6268115942028986,16.0,42.0,nan,0.3638829290866852,nan,nan,nan,nan,nan,nan,nan,nan,nan,88,PASS
stable_dynamic_residual,internal_fold,5,4,0.6997929606625258,0.6254427125304046,0.6206896551724138,0.6268115942028986,16.0,42.0,4.0,0.36318668723106384,774.0,15.0,93.53866666666667,121.25466693115234,5.658666666666667,7.377333351135254,9.488,0.38003521180152894,0.26510443846384685,88,PASS
baseline,internal_fold,5,5,0.6652828230409964,0.6594223485239139,0.6190476190476191,0.6424494032174364,1.0,12.0,nan,0.44921761751174927,nan,nan,nan,nan,nan,nan,nan,nan,nan,88,PASS
stable_dynamic_residual,internal_fold,5,5,0.6673585884795019,0.6586676474076208,0.5977011494252874,0.6058640373637779,1.0,12.0,5.0,0.45491719245910645,774.0,15.0,93.53866666666667,121.62133337402344,5.658666666666667,7.402666678110759,9.488,0.40012226287523905,0.2811753255526225,88,PASS
baseline,internal_fold,5,6,0.680332122470161,0.6324614165006535,0.5925925925925926,0.6333679294239751,15.0,37.0,nan,0.3943198621273041,nan,nan,nan,nan,nan,nan,nan,nan,nan,88,PASS
stable_dynamic_residual,internal_fold,5,6,0.680332122470161,0.6324614165006535,0.5925925925925926,0.6333679294239751,15.0,37.0,0.0,0.3943198621273041,774.0,15.0,93.53866666666667,121.53600008138021,5.658666666666667,7.391999997456868,9.488,0.3557530308564504,0.2445419725974401,88,PASS
baseline,internal_fold,5,7,0.6922677737415672,0.629090434225671,0.673469387755102,0.6315516346652829,19.0,24.0,nan,0.47867119312286377,nan,nan,nan,nan,nan,nan,nan,nan,nan,88,PASS
stable_dynamic_residual,internal_fold,5,7,0.6870783601453035,0.6355157931662466,0.6097560975609756,0.6440062272963155,19.0,24.0,31.0,0.3869859278202057,774.0,15.0,93.53866666666667,121.73066670735678,5.658666666666667,7.402666678110759,9.488,0.37984370843569437,0.2648666001955668,88,PASS
baseline,internal_fold,5,8,0.5371043072132848,0.7193611011469483,0.5454545454545454,0.5480020757654385,10.0,12.0,nan,0.468313604593277,nan,nan,nan,nan,nan,nan,nan,nan,nan,88,PASS
stable_dynamic_residual,internal_fold,5,8,0.5402179553710431,0.7210354880841053,0.4266666666666666,0.5238713025428127,10.0,12.0,27.0,0.41495171189308167,774.0,15.0,93.53866666666667,121.56800018310547,5.658666666666667,7.390666665395101,9.488,0.38029633831977844,0.2652234279314677,88,PASS
baseline,internal_fold,5,9,0.7218474312402698,0.6030297346207295,0.7241379310344828,0.6175402179553711,12.0,36.0,nan,0.6098000407218933,nan,nan,nan,nan,nan,nan,nan,nan,nan,88,PASS
stable_dynamic_residual,internal_fold,5,9,0.7218474312402698,0.6030297346207295,0.7241379310344828,0.6175402179553711,12.0,36.0,0.0,0.6098000407218933,774.0,15.0,93.53866666666667,121.73733341471355,5.658666666666667,7.406666685740153,9.488,0.36963608288764954,0.25595154960950217,88,PASS
baseline,internal_oof,5,all,0.7049405330099842,0.6198241391830379,0.6521264994547437,0.6382007688140141,24.0,32.4,nan,nan,nan,nan,nan,nan,nan,nan,nan,nan,nan,882,PASS
stable_dynamic_residual,internal_oof,5,all,0.7042026779494854,0.620356028098454,0.621559633027523,0.6287041098010888,24.0,32.4,8.9,nan,774.0,15.0,93.58133333333335,121.59746686401365,5.658666666666667,7.397733340962728,9.488,0.36873091666698454,0.25547949616114296,882,PASS
baseline,caltech,5,external,0.628654970760234,0.6975209273078438,0.6500000000000001,0.6198830409356726,21.0,75.0,nan,0.5248631238937378,nan,nan,nan,nan,nan,nan,nan,nan,nan,37,PASS
baseline,abide2,5,external,0.7539146441967759,0.5874376322679415,0.7309048178613395,0.6735999322206219,21.0,75.0,nan,0.5248631238937378,nan,nan,nan,nan,nan,nan,nan,nan,nan,726,PASS
stable_dynamic_residual,caltech,5,external,0.6169590643274854,0.7140846540960006,0.6,0.5657894736842105,44.0,70.0,75.0,0.5722635984420776,774.0,15.0,94.28653624856156,122.46950542419223,5.7054085155350975,7.449942479062273,9.558112773302646,0.35954602904643507,0.24828313436826435,37,PASS
stable_dynamic_residual,abide2,5,external,0.7469980667472831,0.5930380745385978,0.7346938775510204,0.6613572820469372,44.0,70.0,75.0,0.5722635984420776,774.0,15.0,94.28653624856156,122.46950542419223,5.7054085155350975,7.449942479062273,9.558112773302646,0.35954602904643507,0.24828313436826435,726,PASS
baseline,internal_fold,6,0,0.6955420466058764,0.61231388448135,0.48484848484848486,0.6344984802431611,46.0,31.0,nan,0.34064996242523193,nan,nan,nan,nan,nan,nan,nan,nan,nan,89,PASS
stable_dynamic_residual,internal_fold,6,0,0.7056737588652482,0.6161788284674792,0.5194805194805194,0.5937183383991894,46.0,31.0,115.0,0.4001750349998474,774.0,15.0,93.53866666666667,121.9413330485026,5.658666666666667,7.423999994913737,9.488,0.35755583254496254,0.2467010728120804,89,PASS
baseline,internal_fold,6,1,0.7117527862208713,0.6573489877389999,0.6739130434782609,0.6631205673758864,10.0,80.0,nan,0.45350325107574463,nan,nan,nan,nan,nan,nan,nan,nan,nan,89,PASS
stable_dynamic_residual,internal_fold,6,1,0.7117527862208713,0.6573489877389999,0.6739130434782609,0.6631205673758864,10.0,80.0,0.0,0.45350325107574463,774.0,15.0,93.53866666666667,121.64666670735677,5.658666666666667,7.403999994913737,9.488,0.36254580442110695,0.2508249226411184,89,PASS
baseline,internal_fold,6,2,0.7256728778467909,0.5931423993865528,0.5822784810126582,0.6309523809523809,32.0,42.0,nan,0.36659669876098633,nan,nan,nan,nan,nan,nan,nan,nan,nan,88,PASS
stable_dynamic_residual,internal_fold,6,2,0.7256728778467909,0.5931423993865528,0.5822784810126582,0.6309523809523809,32.0,42.0,0.0,0.36659669876098633,774.0,15.0,93.53866666666667,121.8519999593099,5.658666666666667,7.417333328247071,9.488,0.3499391100406647,0.23965308876832325,88,PASS
baseline,internal_fold,6,3,0.6858178053830227,0.629495479955638,0.6265060240963856,0.6516563146997929,36.0,17.0,nan,0.440563827753067,nan,nan,nan,nan,nan,nan,nan,nan,nan,88,PASS
stable_dynamic_residual,internal_fold,6,3,0.6630434782608695,0.6426377542630028,0.7155963302752294,0.6381987577639752,2.0,9.0,149.0,0.525504469871521,774.0,15.0,93.53866666666667,121.36399971516927,5.658666666666667,7.381333343505859,9.488,0.3515138700803121,0.2456071560382843,88,PASS
baseline,internal_fold,6,4,0.7976190476190477,0.5692846265574695,0.6829268292682927,0.7091097308488613,6.0,14.0,nan,0.4431527554988861,nan,nan,nan,nan,nan,nan,nan,nan,nan,88,PASS
stable_dynamic_residual,internal_fold,6,4,0.7908902691511388,0.5740456088417268,0.5454545454545454,0.6718426501035196,6.0,14.0,33.0,0.3687666356563568,774.0,15.0,93.53866666666667,121.96933353678385,5.658666666666667,7.424000005086263,9.488,0.39930895121892296,0.28103495375315346,88,PASS
baseline,internal_fold,6,5,0.7929423975090815,0.5701956451173729,0.7422680412371133,0.7122470160871821,28.0,16.0,nan,0.5080745816230774,nan,nan,nan,nan,nan,nan,nan,nan,nan,88,PASS
stable_dynamic_residual,internal_fold,6,5,0.7592112091333679,0.5941877637289362,0.6666666666666666,0.6743642968344576,11.0,11.0,6.0,0.48983314633369446,774.0,15.0,93.53866666666667,121.22266697184244,5.658666666666667,7.367999997456868,9.488,0.37185118969281516,0.25853595836957294,88,PASS
baseline,internal_fold,6,6,0.6626881162428645,0.6934294309239868,0.673076923076923,0.6040477426050856,25.0,51.0,nan,0.5852591395378113,nan,nan,nan,nan,nan,nan,nan,nan,nan,88,PASS
stable_dynamic_residual,internal_fold,6,6,0.6626881162428645,0.6934294309239868,0.673076923076923,0.6040477426050856,25.0,51.0,0.0,0.5852591395378113,774.0,15.0,93.53866666666667,121.24133327229818,5.658666666666667,7.371999997456869,9.488,0.3739962700208028,0.2596661032040914,88,PASS
baseline,internal_fold,6,7,0.6320705760249091,0.6647201574183359,0.6909090909090909,0.5993772703684483,41.0,27.0,nan,0.5675620436668396,nan,nan,nan,nan,nan,nan,nan,nan,nan,88,PASS
stable_dynamic_residual,internal_fold,6,7,0.6320705760249091,0.6647201574183359,0.6909090909090909,0.5993772703684483,41.0,27.0,0.0,0.5675620436668396,774.0,15.0,93.53866666666667,121.62800004069011,5.658666666666667,7.396000011444092,9.488,0.35692112469673154,0.24545943224430083,88,PASS
baseline,internal_fold,6,8,0.6990140114167099,0.6368953524650625,0.5263157894736842,0.6030098598858329,9.0,15.0,nan,0.3936033546924591,nan,nan,nan,nan,nan,nan,nan,nan,nan,88,PASS
stable_dynamic_residual,internal_fold,6,8,0.6990140114167099,0.6365666445705901,0.5714285714285714,0.6364815775817333,9.0,15.0,10.0,0.3923044800758362,774.0,15.0,93.53866666666667,121.52400022379557,5.658666666666667,7.390666685740153,9.488,0.36310587588946025,0.2508378572463989,88,PASS
baseline,internal_fold,6,9,0.696419304618578,0.6374896439586859,0.6597938144329897,0.6209133367929425,40.0,56.0,nan,0.4798862636089325,nan,nan,nan,nan,nan,nan,nan,nan,nan,88,PASS
stable_dynamic_residual,internal_fold,6,9,0.6886351842241827,0.6360851503218791,0.6881720430107526,0.6696938245978205,40.0,56.0,115.0,0.41468459367752075,774.0,15.0,93.53866666666667,121.57466670735677,5.658666666666667,7.396000011444092,9.488,0.36200496888160705,0.250039488474528,88,PASS
baseline,internal_oof,6,all,0.7098526869791801,0.6264506081366488,0.6433408577878105,0.6436934031629731,27.3,34.9,nan,nan,nan,nan,nan,nan,nan,nan,nan,nan,nan,882,PASS
stable_dynamic_residual,internal_oof,6,all,0.7021851861407085,0.6308477184517205,0.6420581655480985,0.6386058151234488,22.2,33.6,42.8,nan,774.0,15.0,93.53866666666667,121.59640001831053,5.658666666666667,7.397333337020873,9.488,0.3648742997487386,0.2528360033551852,882,PASS
baseline,caltech,6,external,0.6842105263157895,0.6367651717734122,0.6500000000000001,0.6198830409356726,31.0,28.0,nan,0.5159192085266113,nan,nan,nan,nan,nan,nan,nan,nan,nan,37,PASS
baseline,abide2,6,external,0.7343048377531135,0.60855286702449,0.7359813084112148,0.6769465390155045,31.0,28.0,nan,0.5159192085266113,nan,nan,nan,nan,nan,nan,nan,nan,nan,726,PASS
stable_dynamic_residual,caltech,6,external,0.6140350877192983,0.6659021511988316,0.5555555555555555,0.5687134502923976,31.0,28.0,51.0,0.4506079852581024,774.0,15.0,94.28653624856156,122.70425818896541,5.7054085155350975,7.4706559290957255,9.558112773302646,0.3543438256404205,0.24417177190783385,37,PASS
stable_dynamic_residual,abide2,6,external,0.7141173661549838,0.621649114091055,0.6436464088397791,0.6545793442345167,31.0,28.0,51.0,0.4506079852581024,774.0,15.0,94.28653624856156,122.70425818896541,5.7054085155350975,7.4706559290957255,9.558112773302646,0.3543438256404205,0.24417177190783385,726,PASS
baseline,internal_fold,7,0,0.7152988855116515,0.6283696576333487,0.6436781609195402,0.6550151975683891,40.0,38.0,nan,0.41348975896835327,nan,nan,nan,nan,nan,nan,nan,nan,nan,89,PASS
stable_dynamic_residual,internal_fold,7,0,0.7102330293819655,0.62972791511055,0.6373626373626374,0.6299392097264438,40.0,38.0,21.0,0.42453721165657043,774.0,15.0,93.53866666666667,121.76533341471354,5.658666666666667,7.408000010172526,9.488,0.35514038292566935,0.24522481815020244,89,PASS
baseline,internal_fold,7,1,0.82016210739615,0.524789210965363,0.6818181818181819,0.6881965552178319,35.0,42.0,nan,0.4230809211730957,nan,nan,nan,nan,nan,nan,nan,nan,nan,89,PASS
stable_dynamic_residual,internal_fold,7,1,0.82016210739615,0.524789210965363,0.6818181818181819,0.6881965552178319,35.0,42.0,0.0,0.4230809211730957,774.0,15.0,93.53866666666667,121.14800032552084,5.658666666666667,7.368000010172526,9.488,0.36087703148523964,0.2506626315116882,89,PASS
baseline,internal_fold,7,2,0.7106625258799172,0.6220699295309733,0.702127659574468,0.6801242236024845,42.0,36.0,nan,0.4792622923851013,nan,nan,nan,nan,nan,nan,nan,nan,nan,88,PASS
stable_dynamic_residual,internal_fold,7,2,0.7106625258799172,0.6220699295309733,0.702127659574468,0.6801242236024845,42.0,36.0,0.0,0.4792622923851013,774.0,15.0,93.53866666666667,121.71599987792969,5.658666666666667,7.405333343505859,9.488,0.359518678744634,0.2480425066947937,88,PASS
baseline,internal_fold,7,3,0.7349896480331263,0.6277260712876497,0.693069306930693,0.6423395445134576,48.0,86.0,nan,0.5568549633026123,nan,nan,nan,nan,nan,nan,nan,nan,nan,88,PASS
stable_dynamic_residual,internal_fold,7,3,0.7349896480331263,0.62856062343885,0.693069306930693,0.6423395445134576,48.0,86.0,8.0,0.5571671724319458,774.0,15.0,93.53866666666667,122.12799995930989,5.658666666666667,7.438666661580403,9.488,0.3595365172227224,0.24790277115503948,88,PASS
baseline,internal_fold,7,4,0.6915113871635611,0.6327561983194268,0.5476190476190477,0.5714285714285714,28.0,41.0,nan,0.3939639627933502,nan,nan,nan,nan,nan,nan,nan,nan,nan,88,PASS
stable_dynamic_residual,internal_fold,7,4,0.6915113871635611,0.6327561983194268,0.5476190476190477,0.5714285714285714,28.0,41.0,0.0,0.3939639627933502,774.0,15.0,93.53866666666667,121.86266646321614,5.658666666666667,7.415999994913737,9.488,0.3503389749526978,0.2402748099565506,88,PASS
baseline,internal_fold,7,5,0.6953814218993253,0.6476051343810129,0.674698795180723,0.7003113648157758,33.0,30.0,nan,0.4199073314666748,nan,nan,nan,nan,nan,nan,nan,nan,nan,88,PASS
stable_dynamic_residual,internal_fold,7,5,0.7125064867669955,0.6336949009962258,0.6428571428571429,0.6652828230409964,1.0,36.0,149.0,0.4162047207355499,774.0,15.0,93.53866666666667,121.21066666666667,5.658666666666667,7.36533335240682,9.488,0.33049021085103353,0.22312562704086303,88,PASS
baseline,internal_fold,7,6,0.8297872340425532,0.5358078708955917,0.6666666666666666,0.701868188894655,27.0,25.0,nan,0.40066760778427124,nan,nan,nan,nan,nan,nan,nan,nan,nan,88,PASS
stable_dynamic_residual,internal_fold,7,6,0.8204462895692787,0.5407174814508193,0.6976744186046512,0.7093928386092372,27.0,25.0,34.0,0.44712525606155396,774.0,15.0,93.53866666666667,121.09333339436849,5.658666666666667,7.360000012715657,9.488,0.38768290932973226,0.2710840398470561,88,PASS
baseline,internal_fold,7,7,0.7296315516346653,0.5883252053235711,0.5999999999999999,0.6455630513751947,32.0,53.0,nan,0.3579837381839752,nan,nan,nan,nan,nan,nan,nan,nan,nan,88,PASS
stable_dynamic_residual,internal_fold,7,7,0.7296315516346653,0.5883252053235711,0.5999999999999999,0.6455630513751947,32.0,53.0,0.0,0.3579837381839752,774.0,15.0,93.53866666666667,121.60133369954427,5.658666666666667,7.401333352406819,9.488,0.37493341557184856,0.26104308358828227,88,PASS
baseline,internal_fold,7,8,0.7140633108458744,0.622196669209112,0.5925925925925926,0.6333679294239751,26.0,45.0,nan,0.4167036712169647,nan,nan,nan,nan,nan,nan,nan,nan,nan,88,PASS
stable_dynamic_residual,internal_fold,7,8,0.7140633108458744,0.622196669209112,0.5925925925925926,0.6333679294239751,26.0,45.0,0.0,0.4167036712169647,774.0,15.0,93.53866666666667,121.73200004069011,5.658666666666667,7.406666678110758,9.488,0.3529667212168376,0.2441400631268819,88,PASS
baseline,internal_fold,7,9,0.7202906071613907,0.6126390030122115,0.7090909090909091,0.6222106901920083,30.0,49.0,nan,0.5304563045501709,nan,nan,nan,nan,nan,nan,nan,nan,nan,88,PASS
stable_dynamic_residual,internal_fold,7,9,0.7202906071613907,0.6126390030122115,0.7090909090909091,0.6222106901920083,30.0,49.0,0.0,0.5304563045501709,774.0,15.0,93.53866666666667,121.86800022379558,5.658666666666667,7.414666685740153,9.488,0.3508307334582011,0.2405204351345698,88,PASS
baseline,internal_oof,7,all,0.7343928175227676,0.6041657987729315,0.6546681664791901,0.6537318438636774,34.1,44.5,nan,nan,nan,nan,nan,nan,nan,nan,nan,nan,nan,882,PASS
stable_dynamic_residual,internal_oof,7,all,0.735558938107892,0.603488101149094,0.6540600667408231,0.6485101003586078,30.9,45.1,21.2,nan,774.0,15.0,93.53866666666667,121.61253340657554,5.658666666666667,7.398400010172526,9.488,0.3582315575758616,0.24720207862059276,882,PASS
baseline,caltech,7,external,0.628654970760234,0.7200897956911859,0.6190476190476191,0.564327485380117,30.0,81.0,nan,0.5388284921646118,nan,nan,nan,nan,nan,nan,nan,nan,nan,37,PASS
baseline,abide2,7,external,0.742191892662112,0.6005198915237328,0.7386363636363636,0.6672879776328052,30.0,81.0,nan,0.5388284921646118,nan,nan,nan,nan,nan,nan,nan,nan,nan,726,PASS
stable_dynamic_residual,caltech,7,external,0.628654970760234,0.7200897956911859,0.6190476190476191,0.564327485380117,30.0,81.0,0.0,0.5388284921646118,774.0,15.0,94.28653624856156,122.24395881011928,5.7054085155350975,7.437284238044906,9.558112773302646,0.3596286697546824,0.24778395630547861,37,PASS
stable_dynamic_residual,abide2,7,external,0.742191892662112,0.6005198915237328,0.7386363636363636,0.6672879776328052,30.0,81.0,0.0,0.5388284921646118,774.0,15.0,94.28653624856156,122.24395881011928,5.7054085155350975,7.437284238044906,9.558112773302646,0.3596286697546824,0.24778395630547861,726,PASS
baseline,internal_fold,8,0,0.7897669706180345,0.5916480918631514,0.7551020408163265,0.7269503546099291,46.0,23.0,nan,0.4779908359050751,nan,nan,nan,nan,nan,nan,nan,nan,nan,89,PASS
stable_dynamic_residual,internal_fold,8,0,0.761904761904762,0.6145134190140011,0.6881720430107526,0.6737588652482269,20.0,19.0,56.0,0.4708581566810608,774.0,15.0,93.53866666666667,121.96133357747397,5.658666666666667,7.42400001780192,9.488,0.3596885013580322,0.24760148358345033,89,PASS
baseline,internal_fold,8,1,0.6742654508611956,0.6637758454579143,0.631578947368421,0.6048632218844985,20.0,59.0,nan,0.49413353204727173,nan,nan,nan,nan,nan,nan,nan,nan,nan,89,PASS
stable_dynamic_residual,internal_fold,8,1,0.6676798378926038,0.6626884011629675,0.5714285714285715,0.6005572441742655,20.0,59.0,106.0,0.4019092917442322,774.0,15.0,93.53866666666667,121.4679999186198,5.658666666666667,7.392000011444091,9.488,0.35684224096934003,0.24601654688517252,89,PASS
baseline,internal_fold,8,2,0.7406832298136646,0.6056876894936484,0.7083333333333334,0.6790890269151139,48.0,46.0,nan,0.4449201822280884,nan,nan,nan,nan,nan,nan,nan,nan,nan,88,PASS
stable_dynamic_residual,internal_fold,8,2,0.7365424430641822,0.6078553809991587,0.7032967032967032,0.693064182194617,48.0,46.0,149.0,0.3952549397945404,774.0,15.0,93.53866666666667,121.45999997965495,5.658666666666667,7.390666685740153,9.488,0.352820233186086,0.2418752601146698,88,PASS
baseline,internal_fold,8,3,0.6620082815734989,0.6902652308023587,0.5822784810126582,0.6309523809523809,43.0,61.0,nan,0.39026907086372375,nan,nan,nan,nan,nan,nan,nan,nan,nan,88,PASS
stable_dynamic_residual,internal_fold,8,3,0.6620082815734989,0.6902652308023587,0.5822784810126582,0.6309523809523809,43.0,61.0,0.0,0.39026907086372375,774.0,15.0,93.53866666666667,121.5893335164388,5.658666666666667,7.397333351135254,9.488,0.37583831389745076,0.26152712329228717,88,PASS
baseline,internal_fold,8,4,0.7675983436853002,0.5881487239256716,0.5833333333333333,0.6687370600414079,15.0,23.0,nan,0.37429943680763245,nan,nan,nan,nan,nan,nan,nan,nan,nan,88,PASS
stable_dynamic_residual,internal_fold,8,4,0.7525879917184265,0.5941572537566709,0.6233766233766235,0.677536231884058,15.0,23.0,55.0,0.38024580478668213,774.0,15.0,93.53866666666667,121.36666687011719,5.658666666666667,7.381333344777425,9.488,0.3563854420185089,0.24498983367284138,88,PASS
baseline,internal_fold,8,5,0.7420861442656981,0.5915345032164911,0.5333333333333333,0.6152049818370524,12.0,24.0,nan,0.3991135060787201,nan,nan,nan,nan,nan,nan,nan,nan,nan,88,PASS
stable_dynamic_residual,internal_fold,8,5,0.7265179034769071,0.6035733917586725,0.5428571428571428,0.65334717176959,12.0,24.0,110.0,0.35998550057411194,774.0,15.0,93.53866666666667,121.05066670735677,5.658666666666667,7.354666678110759,9.488,0.40283220823605853,0.28351097512245177,88,PASS
baseline,internal_fold,8,6,0.7026466009340944,0.6155832860945497,0.6153846153846154,0.6027503892060198,13.0,38.0,nan,0.44755789637565613,nan,nan,nan,nan,nan,nan,nan,nan,nan,88,PASS
stable_dynamic_residual,internal_fold,8,6,0.7000518941359626,0.6315512055553804,0.6451612903225806,0.6240269849507005,37.0,45.0,126.0,0.42061567306518555,774.0,15.0,93.53866666666667,121.61200012207031,5.658666666666667,7.405333337148031,9.488,0.3575445358753204,0.24760110584894815,88,PASS
baseline,internal_fold,8,7,0.759211209133368,0.5848505904885797,0.6588235294117647,0.6759211209133368,13.0,26.0,nan,0.4236849844455719,nan,nan,nan,nan,nan,nan,nan,nan,nan,88,PASS
stable_dynamic_residual,internal_fold,8,7,0.7919045147898287,0.5666457378687131,0.7526881720430109,0.7381940840685002,13.0,26.0,72.0,0.44477108120918274,774.0,15.0,93.53866666666667,121.86533359781902,5.658666666666667,7.411999997456869,9.488,0.3546564095020294,0.2440318699280421,88,PASS
baseline,internal_fold,8,8,0.7451997924234561,0.6015351752331007,0.6206896551724138,0.6286974571873378,17.0,31.0,nan,0.4981914162635803,nan,nan,nan,nan,nan,nan,nan,nan,nan,88,PASS
stable_dynamic_residual,internal_fold,8,8,0.7566165023352361,0.6005827160693514,0.625,0.6683964711987546,17.0,31.0,73.0,0.4549567997455597,774.0,15.0,93.53866666666667,121.87866672770183,5.658666666666667,7.413333344777425,9.488,0.38349196982383726,0.2682828346888224,88,PASS
baseline,internal_fold,8,9,0.7493513233004669,0.5888954714875104,0.575,0.6227296315516346,39.0,29.0,nan,0.36348333954811096,nan,nan,nan,nan,nan,nan,nan,nan,nan,88,PASS
stable_dynamic_residual,internal_fold,8,9,0.7493513233004669,0.5888954714875104,0.575,0.6227296315516346,39.0,29.0,0.0,0.36348333954811096,774.0,15.0,93.53866666666667,121.67866662597656,5.658666666666667,7.406666664123535,9.488,0.35431371148427326,0.24346679798762003,88,PASS
baseline,internal_oof,8,all,0.7242950388276875,0.612227652434085,0.6317016317016318,0.6455715796806067,26.6,36.0,nan,nan,nan,nan,nan,nan,nan,nan,nan,nan,nan,882,PASS
stable_dynamic_residual,internal_oof,8,all,0.7217615644591212,0.6161239049500657,0.6357142857142857,0.6581563943138722,26.4,36.3,74.7,nan,774.0,15.0,93.53866666666667,121.59306676432293,5.658666666666667,7.397733343251547,9.488,0.3654413566350937,0.25289038311243056,882,PASS
baseline,caltech,8,external,0.6403508771929824,0.6693459857416678,0.6857142857142857,0.7046783625730995,25.0,46.0,nan,0.4403626024723053,nan,nan,nan,nan,nan,nan,nan,nan,nan,37,PASS
baseline,abide2,8,external,0.7343895619757689,0.6047181809635329,0.6932270916334661,0.6874099805134288,25.0,46.0,nan,0.4403626024723053,nan,nan,nan,nan,nan,nan,nan,nan,nan,726,PASS
stable_dynamic_residual,caltech,8,external,0.5672514619883041,0.7444576021115413,0.5517241379310345,0.6549707602339181,25.0,46.0,115.0,0.38969531655311584,774.0,15.0,94.28653624856156,122.22209445790948,5.7054085155350975,7.437284238593625,9.558112773302646,0.35897482803007813,0.24790277466675217,37,PASS
stable_dynamic_residual,abide2,8,external,0.6966256652777029,0.6411148955783292,0.583963691376702,0.6414894518342794,25.0,46.0,115.0,0.38969531655311584,774.0,15.0,94.28653624856156,122.22209445790948,5.7054085155350975,7.437284238593625,9.558112773302646,0.35897482803007813,0.24790277466675217,726,PASS
baseline,internal_fold,9,0,0.6722391084093211,0.6445224628948782,0.55,0.6030901722391084,29.0,52.0,nan,0.393105149269104,nan,nan,nan,nan,nan,nan,nan,nan,nan,89,PASS
stable_dynamic_residual,internal_fold,9,0,0.6879432624113475,0.6337801831922859,0.608695652173913,0.5954913880445796,24.0,52.0,88.0,0.464060515165329,774.0,15.0,93.53866666666667,121.40133341471355,5.658666666666667,7.381333344777425,9.488,0.35255793476104735,0.24103724857171377,89,PASS
baseline,internal_fold,9,1,0.7674772036474163,0.5716800055379095,0.7096774193548387,0.6963019250253293,45.0,59.0,nan,0.43092334270477295,nan,nan,nan,nan,nan,nan,nan,nan,nan,89,PASS
stable_dynamic_residual,internal_fold,9,1,0.7674772036474163,0.5716800055379095,0.7096774193548387,0.6963019250253293,45.0,59.0,0.0,0.43092334270477295,774.0,15.0,93.53866666666667,121.4279999593099,5.658666666666667,7.388000002543132,9.488,0.3681883777777354,0.25395306388537087,89,PASS
baseline,internal_fold,9,2,0.7060041407867496,0.6098684460156449,0.5194805194805194,0.5864389233954451,22.0,36.0,nan,0.380344957113266,nan,nan,nan,nan,nan,nan,nan,nan,nan,88,PASS
stable_dynamic_residual,internal_fold,9,2,0.7060041407867496,0.6098684460156449,0.5194805194805194,0.5864389233954451,22.0,36.0,0.0,0.380344957113266,774.0,15.0,93.53866666666667,121.39866682942709,5.658666666666667,7.382666670481364,9.488,0.3537763600349426,0.24274723382790883,88,PASS
baseline,internal_fold,9,3,0.7153209109730849,0.6352080889793453,0.702127659574468,0.6801242236024845,19.0,45.0,nan,0.4581424295902252,nan,nan,nan,nan,nan,nan,nan,nan,nan,88,PASS
stable_dynamic_residual,internal_fold,9,3,0.7070393374741201,0.6458143065620398,0.6526315789473685,0.6226708074534162,19.0,45.0,149.0,0.4923306405544281,774.0,15.0,93.53866666666667,121.40533329264323,5.658666666666667,7.381333343505859,9.488,0.36494940773646034,0.253157377799352,88,PASS
baseline,internal_fold,9,4,0.7070393374741201,0.6168175703964581,0.6,0.6418219461697723,21.0,41.0,nan,0.39401671290397644,nan,nan,nan,nan,nan,nan,nan,nan,nan,88,PASS
stable_dynamic_residual,internal_fold,9,4,0.7111801242236024,0.6166287031294773,0.651685393258427,0.6485507246376812,21.0,41.0,8.0,0.4655047059059143,774.0,15.0,93.53866666666667,121.52133353678386,5.658666666666667,7.3919999961853025,9.488,0.35472206481297813,0.24360816701253254,88,PASS
baseline,internal_fold,9,5,0.68188894654904,0.6234584288036791,0.7068965517241379,0.5947067981318112,2.0,41.0,nan,0.6059052348136902,nan,nan,nan,nan,nan,nan,nan,nan,nan,88,PASS
stable_dynamic_residual,internal_fold,9,5,0.6865594187856772,0.62289108377237,0.7017543859649124,0.5962636222106902,2.0,41.0,37.0,0.6077460646629333,774.0,15.0,93.53866666666667,121.57733386230468,5.658666666666667,7.398666669209798,9.488,0.34125366735458373,0.23209115974108377,88,PASS
baseline,internal_fold,9,6,0.7524649714582252,0.5825559898342578,0.7010309278350516,0.6665801764400623,32.0,30.0,nan,0.46736523509025574,nan,nan,nan,nan,nan,nan,nan,nan,nan,88,PASS
stable_dynamic_residual,internal_fold,9,6,0.7644006227296316,0.5739869536092276,0.7254901960784313,0.6741048261546445,23.0,29.0,88.0,0.49998053908348083,774.0,15.0,93.53866666666667,121.86000036621094,5.658666666666667,7.416000005086263,9.488,0.385164932568868,0.27003535397847495,88,PASS
baseline,internal_fold,9,7,0.7088738972496107,0.6241969853575587,0.6875000000000001,0.6559418785677218,41.0,23.0,nan,0.42467495799064636,nan,nan,nan,nan,nan,nan,nan,nan,nan,88,PASS
stable_dynamic_residual,internal_fold,9,7,0.719252724442138,0.6195898768490771,0.7128712871287127,0.6634665282823041,41.0,23.0,121.0,0.4829917848110199,774.0,15.0,93.53866666666667,121.68933337402343,5.658666666666667,7.402666678110759,9.488,0.36076239236195884,0.2489410453637441,88,PASS
baseline,internal_fold,9,8,0.7441619097042034,0.5833362508088048,0.6904761904761905,0.7109496626881162,18.0,31.0,nan,0.4403720200061798,nan,nan,nan,nan,nan,nan,nan,nan,nan,88,PASS
stable_dynamic_residual,internal_fold,9,8,0.7332641411520499,0.5886637331577521,0.6373626373626374,0.6255838090295797,36.0,43.0,65.0,0.4903940260410309,774.0,15.0,93.53866666666667,121.7066670328776,5.658666666666667,7.404000005086263,9.488,0.36526650563875834,0.2524148664474487,88,PASS
baseline,internal_fold,9,9,0.7125064867669954,0.620262802961393,0.6990291262135921,0.6390762843798651,46.0,44.0,nan,0.5413805246353149,nan,nan,nan,nan,nan,nan,nan,nan,nan,88,PASS
stable_dynamic_residual,internal_fold,9,9,0.7125064867669954,0.620262802961393,0.6990291262135921,0.6390762843798651,46.0,44.0,0.0,0.5413805246353149,774.0,15.0,93.53866666666667,121.72666678873698,5.658666666666667,7.405333337148031,9.488,0.36321571787198387,0.25130169582366946,88,PASS
baseline,internal_oof,9,all,0.7193932045096876,0.6111836975604836,0.6630434782608695,0.6482392095147185,27.5,40.2,nan,nan,nan,nan,nan,nan,nan,nan,nan,nan,nan,882,PASS
stable_dynamic_residual,internal_oof,9,all,0.7208069967235107,0.6102994064966007,0.6666666666666667,0.6355176595031089,27.9,41.3,55.6,nan,774.0,15.0,93.53866666666667,121.57146684570314,5.658666666666667,7.395200005213421,9.488,0.3609857360919317,0.24892872124512994,882,PASS
baseline,caltech,9,external,0.6549707602339181,0.648189844485083,0.631578947368421,0.6213450292397661,25.0,32.0,nan,0.48989635705947876,nan,nan,nan,nan,nan,nan,nan,nan,nan,37,PASS
baseline,abide2,9,external,0.7390031810094506,0.5991928378173602,0.7286245353159851,0.6950351605524019,25.0,32.0,nan,0.48989635705947876,nan,nan,nan,nan,nan,nan,nan,nan,nan,726,PASS
stable_dynamic_residual,caltech,9,external,0.6637426900584795,0.6502032259672635,0.6666666666666667,0.6476608187134503,25.0,32.0,35.0,0.5007874965667725,774.0,15.0,94.28653624856156,122.97583452055726,5.7054085155350975,7.4902186476045705,9.558112773302646,0.36398041100853196,0.25217852473121793,37,PASS
stable_dynamic_residual,abide2,9,external,0.7241764420447807,0.6088898482042812,0.6973848069738481,0.6621621621621622,25.0,32.0,35.0,0.5007874965667725,774.0,15.0,94.28653624856156,122.97583452055726,5.7054085155350975,7.4902186476045705,9.558112773302646,0.36398041100853196,0.25217852473121793,726,PASS
