repeat,epoch,is_selected,scope,fingerprint_top1,identity_gap,disease_axis_auc,disease_geometry_gap,split_half_disease_cosine,n_identity_subjects,n_disease_subjects,status
0,0,False,internal_train,nan,nan,nan,0.0039926509568789514,0.4176307877898216,0,882,PASS
0,0,False,caltech,nan,nan,0.6842105263157895,nan,nan,0,37,PASS
0,0,False,abide2,0.9617996604414262,0.2605783864543131,0.6593135749385749,nan,nan,589,727,PASS
0,1,False,internal_train,nan,nan,nan,0.0039762822030505185,0.4156766979396343,0,882,PASS
0,1,False,caltech,nan,nan,0.6871345029239766,nan,nan,0,37,PASS
0,1,False,abide2,0.9617996604414262,0.26183977111081697,0.6599355036855037,nan,nan,589,727,PASS
0,5,False,internal_train,nan,nan,nan,0.0035804958905978346,0.3864323717355728,0,882,PASS
0,5,False,caltech,nan,nan,0.672514619883041,nan,nan,0,37,PASS
0,5,False,abide2,0.9796264855687606,0.27254001155700597,0.6695408476658476,nan,nan,589,727,PASS
0,10,False,internal_train,nan,nan,nan,0.0031322207544971503,0.3529326915740967,0,882,PASS
0,10,False,caltech,nan,nan,0.6929824561403509,nan,nan,0,37,PASS
0,10,False,abide2,0.9932088285229201,0.2834118875412334,0.6865095208845209,nan,nan,589,727,PASS
0,20,False,internal_train,nan,nan,nan,0.0028935312089626297,0.33410403862595556,0,882,PASS
0,20,False,caltech,nan,nan,0.7573099415204679,nan,nan,0,37,PASS
0,20,False,abide2,0.9940577249575552,0.28988302537321803,0.6899953931203932,nan,nan,589,727,PASS
0,30,False,internal_train,nan,nan,nan,0.00278502023854732,0.32667385444045066,0,882,PASS
0,30,False,caltech,nan,nan,0.7514619883040936,nan,nan,0,37,PASS
0,30,False,abide2,0.9966044142614601,0.29207595498213745,0.6878378378378378,nan,nan,589,727,PASS
0,40,False,internal_train,nan,nan,nan,0.002709932110724844,0.32299181431531904,0,882,PASS
0,40,False,caltech,nan,nan,0.760233918128655,nan,nan,0,37,PASS
0,40,False,abide2,0.9957555178268251,0.29276720228565234,0.689534705159705,nan,nan,589,727,PASS
0,50,False,internal_train,nan,nan,nan,0.002717150648551242,0.3235137774050236,0,882,PASS
0,50,False,caltech,nan,nan,0.7631578947368421,nan,nan,0,37,PASS
0,50,False,abide2,0.9966044142614601,0.2927778081786493,0.6894809582309582,nan,nan,589,727,PASS
0,7,True,internal_train,nan,nan,nan,0.003301776175912541,0.36700728848576547,0,882,PASS
0,7,True,caltech,nan,nan,0.6842105263157895,nan,nan,0,37,PASS
0,7,True,abide2,0.9864176570458404,0.27737529689438556,0.6774570024570025,nan,nan,589,727,PASS
1,0,False,internal_train,nan,nan,nan,0.0037300939711634173,0.4166219027340412,0,882,PASS
1,0,False,caltech,nan,nan,0.6198830409356725,nan,nan,0,37,PASS
1,0,False,abide2,0.9643463497453311,0.2531565480721822,0.6579775798525799,nan,nan,589,727,PASS
1,1,False,internal_train,nan,nan,nan,0.0037658136589585056,0.4152108672261238,0,882,PASS
1,1,False,caltech,nan,nan,0.6228070175438597,nan,nan,0,37,PASS
1,1,False,abide2,0.966044142614601,0.25625170136713593,0.6579929361179362,nan,nan,589,727,PASS
1,5,False,internal_train,nan,nan,nan,0.003488308656577066,0.38852308347821235,0,882,PASS
1,5,False,caltech,nan,nan,0.6461988304093568,nan,nan,0,37,PASS
1,5,False,abide2,0.9838709677419355,0.2694565887104971,0.6650030712530712,nan,nan,589,727,PASS
1,10,False,internal_train,nan,nan,nan,0.0030415627706000536,0.3513520933687687,0,882,PASS
1,10,False,caltech,nan,nan,0.6783625730994153,nan,nan,0,37,PASS
1,10,False,abide2,0.9923599320882852,0.2804708037159541,0.6776873464373465,nan,nan,589,727,PASS
1,20,False,internal_train,nan,nan,nan,0.002925631475853535,0.3392190308868885,0,882,PASS
1,20,False,caltech,nan,nan,0.7017543859649124,nan,nan,0,37,PASS
1,20,False,abide2,0.9932088285229201,0.2875164178512787,0.6835764742014743,nan,nan,589,727,PASS
1,30,False,internal_train,nan,nan,nan,0.002761322028217661,0.33060940593481064,0,882,PASS
1,30,False,caltech,nan,nan,0.736842105263158,nan,nan,0,37,PASS
1,30,False,abide2,0.9906621392190152,0.2905097766701057,0.6874539312039312,nan,nan,589,727,PASS
1,40,False,internal_train,nan,nan,nan,0.002684959293350442,0.32733798503875733,0,882,PASS
1,40,False,caltech,nan,nan,0.7309941520467838,nan,nan,0,37,PASS
1,40,False,abide2,0.9923599320882852,0.2912378271087004,0.6868166461916461,nan,nan,589,727,PASS
1,50,False,internal_train,nan,nan,nan,0.002655879737761657,0.3255004332959652,0,882,PASS
1,50,False,caltech,nan,nan,0.7397660818713451,nan,nan,0,37,PASS
1,50,False,abide2,0.9923599320882852,0.2914777579111201,0.6879990786240786,nan,nan,589,727,PASS
1,38,True,internal_train,nan,nan,nan,0.0027133377378273094,0.3286176638305187,0,882,PASS
1,38,True,caltech,nan,nan,0.7134502923976608,nan,nan,0,37,PASS
1,38,True,abide2,0.9932088285229201,0.29105799859644166,0.6871621621621622,nan,nan,589,727,PASS
2,0,False,internal_train,nan,nan,nan,0.0035176382063408784,0.42001226380467416,0,882,PASS
2,0,False,caltech,nan,nan,0.6929824561403509,nan,nan,0,37,PASS
2,0,False,abide2,0.9244482173174873,0.229440720620847,0.6644195331695333,nan,nan,589,727,PASS
2,1,False,internal_train,nan,nan,nan,0.003808001322623933,0.4190751655399799,0,882,PASS
2,1,False,caltech,nan,nan,0.6959064327485379,nan,nan,0,37,PASS
2,1,False,abide2,0.9431239388794568,0.24230221284016296,0.6644579238329238,nan,nan,589,727,PASS
2,5,False,internal_train,nan,nan,nan,0.003745294505085872,0.3942971883714199,0,882,PASS
2,5,False,caltech,nan,nan,0.7076023391812866,nan,nan,0,37,PASS
2,5,False,abide2,0.9745331069609507,0.26503341479883347,0.669840294840295,nan,nan,589,727,PASS
2,10,False,internal_train,nan,nan,nan,0.0030879781615587854,0.3512948048114777,0,882,PASS
2,10,False,caltech,nan,nan,0.6988304093567252,nan,nan,0,37,PASS
2,10,False,abide2,0.9940577249575552,0.27843249230785216,0.6747773341523342,nan,nan,589,727,PASS
2,20,False,internal_train,nan,nan,nan,0.002872404341084017,0.3309676076471806,0,882,PASS
2,20,False,caltech,nan,nan,0.7339181286549709,nan,nan,0,37,PASS
2,20,False,abide2,0.997453310696095,0.28522995210832214,0.6810810810810811,nan,nan,589,727,PASS
2,30,False,internal_train,nan,nan,nan,0.0028179789337767214,0.32585969209671023,0,882,PASS
2,30,False,caltech,nan,nan,0.7426900584795323,nan,nan,0,37,PASS
2,30,False,abide2,0.997453310696095,0.28827195976048847,0.6844748157248157,nan,nan,589,727,PASS
2,40,False,internal_train,nan,nan,nan,0.0028004715656243517,0.322920348495245,0,882,PASS
2,40,False,caltech,nan,nan,0.7485380116959065,nan,nan,0,37,PASS
2,40,False,abide2,0.9966044142614601,0.2899947396972772,0.6840064496314496,nan,nan,589,727,PASS
2,50,False,internal_train,nan,nan,nan,0.002801019995548687,0.32262971565127374,0,882,PASS
2,50,False,caltech,nan,nan,0.7485380116959065,nan,nan,0,37,PASS
2,50,False,abide2,0.997453310696095,0.2905026801071968,0.6841062653562654,nan,nan,589,727,PASS
2,38,True,internal_train,nan,nan,nan,0.002807827182473105,0.3237763173878193,0,882,PASS
2,38,True,caltech,nan,nan,0.7456140350877193,nan,nan,0,37,PASS
2,38,True,abide2,0.997453310696095,0.2898123455037258,0.6836609336609337,nan,nan,589,727,PASS
3,0,False,internal_train,nan,nan,nan,0.0032403450547056623,0.40981738895177844,0,882,PASS
3,0,False,caltech,nan,nan,0.6345029239766082,nan,nan,0,37,PASS
3,0,False,abide2,0.9524617996604414,0.23487284538583467,0.6552748771498772,nan,nan,589,727,PASS
3,1,False,internal_train,nan,nan,nan,0.003468437248764389,0.40942813217639923,0,882,PASS
3,1,False,caltech,nan,nan,0.6432748538011696,nan,nan,0,37,PASS
3,1,False,abide2,0.9584040747028862,0.24510251299236407,0.6546606265356266,nan,nan,589,727,PASS
3,5,False,internal_train,nan,nan,nan,0.003474546705800885,0.386956999450922,0,882,PASS
3,5,False,caltech,nan,nan,0.6549707602339181,nan,nan,0,37,PASS
3,5,False,abide2,0.9779286926994907,0.2651495057873614,0.6608645577395578,nan,nan,589,727,PASS
3,10,False,internal_train,nan,nan,nan,0.00308002395113835,0.3534515729546547,0,882,PASS
3,10,False,caltech,nan,nan,0.6754385964912281,nan,nan,0,37,PASS
3,10,False,abide2,0.9923599320882852,0.276072143058287,0.6729422604422605,nan,nan,589,727,PASS
3,20,False,internal_train,nan,nan,nan,0.0029376847438175313,0.33831811651587484,0,882,PASS
3,20,False,caltech,nan,nan,0.7280701754385966,nan,nan,0,37,PASS
3,20,False,abide2,0.9957555178268251,0.283034224096558,0.6813344594594595,nan,nan,589,727,PASS
3,30,False,internal_train,nan,nan,nan,0.002838900542202538,0.3319678729772568,0,882,PASS
3,30,False,caltech,nan,nan,0.7339181286549709,nan,nan,0,37,PASS
3,30,False,abide2,0.9940577249575552,0.28631434168325387,0.6841216216216216,nan,nan,589,727,PASS
3,40,False,internal_train,nan,nan,nan,0.0028398410125832496,0.33390349134802816,0,882,PASS
3,40,False,caltech,nan,nan,0.7485380116959065,nan,nan,0,37,PASS
3,40,False,abide2,0.9949066213921902,0.2880152026764994,0.6845055282555282,nan,nan,589,727,PASS
3,50,True,internal_train,nan,nan,nan,0.002834707579247836,0.33308362677693365,0,882,PASS
3,50,True,caltech,nan,nan,0.7485380116959064,nan,nan,0,37,PASS
3,50,True,abide2,0.9949066213921902,0.2883240816258015,0.6841676904176903,nan,nan,589,727,PASS
4,0,False,internal_train,nan,nan,nan,0.004012623757782496,0.42034101009368896,0,882,PASS
4,0,False,caltech,nan,nan,0.6842105263157895,nan,nan,0,37,PASS
4,0,False,abide2,0.9617996604414262,0.2600477333629848,0.6602963759213759,nan,nan,589,727,PASS
4,1,False,internal_train,nan,nan,nan,0.003999065617367792,0.4181488697230816,0,882,PASS
4,1,False,caltech,nan,nan,0.6842105263157895,nan,nan,0,37,PASS
4,1,False,abide2,0.9634974533106961,0.26179182739273216,0.6609029484029485,nan,nan,589,727,PASS
4,5,False,internal_train,nan,nan,nan,0.003578301506526438,0.3874198186397553,0,882,PASS
4,5,False,caltech,nan,nan,0.672514619883041,nan,nan,0,37,PASS
4,5,False,abide2,0.9787775891341257,0.27326476643017206,0.6691492628992629,nan,nan,589,727,PASS
4,10,False,internal_train,nan,nan,nan,0.003048254808990236,0.3483385565876961,0,882,PASS
4,10,False,caltech,nan,nan,0.6812865497076024,nan,nan,0,37,PASS
4,10,False,abide2,0.9940577249575552,0.2825251405861757,0.6801980958230958,nan,nan,589,727,PASS
4,20,False,internal_train,nan,nan,nan,0.0028849235375993376,0.3323076748847961,0,882,PASS
4,20,False,caltech,nan,nan,0.7397660818713451,nan,nan,0,37,PASS
4,20,False,abide2,0.9957555178268251,0.2886129540529583,0.684551597051597,nan,nan,589,727,PASS
4,30,False,internal_train,nan,nan,nan,0.0027686967691713804,0.3240134312212467,0,882,PASS
4,30,False,caltech,nan,nan,0.7514619883040937,nan,nan,0,37,PASS
4,30,False,abide2,0.9966044142614601,0.2913356588614792,0.6844057125307126,nan,nan,589,727,PASS
4,40,False,internal_train,nan,nan,nan,0.0027242597940004,0.3214964556694031,0,882,PASS
4,40,False,caltech,nan,nan,0.7660818713450294,nan,nan,0,37,PASS
4,40,False,abide2,0.9966044142614601,0.29244555510869263,0.6843519656019657,nan,nan,589,727,PASS
4,50,False,internal_train,nan,nan,nan,0.0027195042702136962,0.3210218850523233,0,882,PASS
4,50,False,caltech,nan,nan,0.760233918128655,nan,nan,0,37,PASS
4,50,False,abide2,0.9966044142614601,0.29267986334076124,0.6841984029484028,nan,nan,589,727,PASS
4,47,True,internal_train,nan,nan,nan,0.002719878092697886,0.32105953231453893,0,882,PASS
4,47,True,caltech,nan,nan,0.760233918128655,nan,nan,0,37,PASS
4,47,True,abide2,0.9966044142614601,0.2926743610615595,0.6842367936117936,nan,nan,589,727,PASS
5,0,False,internal_train,nan,nan,nan,0.0038995100463036225,0.4205207622051239,0,882,PASS
5,0,False,caltech,nan,nan,0.6491228070175439,nan,nan,0,37,PASS
5,0,False,abide2,0.9592529711375213,0.26052540090443543,0.6582386363636363,nan,nan,589,727,PASS
5,1,False,internal_train,nan,nan,nan,0.0038864531635275368,0.4188482564687729,0,882,PASS
5,1,False,caltech,nan,nan,0.6491228070175439,nan,nan,0,37,PASS
5,1,False,abide2,0.9617996604414262,0.26166418597786745,0.6586686117936117,nan,nan,589,727,PASS
5,5,False,internal_train,nan,nan,nan,0.0035992089581827758,0.393676548153162,0,882,PASS
5,5,False,caltech,nan,nan,0.6637426900584796,nan,nan,0,37,PASS
5,5,False,abide2,0.9830220713073006,0.2725179013916569,0.666615479115479,nan,nan,589,727,PASS
5,10,False,internal_train,nan,nan,nan,0.003141377474929513,0.3540597850084305,0,882,PASS
5,10,False,caltech,nan,nan,0.6754385964912281,nan,nan,0,37,PASS
5,10,False,abide2,0.9940577249575552,0.28112727010204747,0.6760826167076168,nan,nan,589,727,PASS
5,20,False,internal_train,nan,nan,nan,0.0029277038983369086,0.33529927730560305,0,882,PASS
5,20,False,caltech,nan,nan,0.736842105263158,nan,nan,0,37,PASS
5,20,False,abide2,0.9940577249575552,0.28773266065420133,0.6850199631449632,nan,nan,589,727,PASS
5,30,False,internal_train,nan,nan,nan,0.0028286953739308784,0.32702279031276704,0,882,PASS
5,30,False,caltech,nan,nan,0.7456140350877193,nan,nan,0,37,PASS
5,30,False,abide2,0.9966044142614601,0.2893628261588457,0.6847742628992629,nan,nan,589,727,PASS
5,40,False,internal_train,nan,nan,nan,0.0027413458945590163,0.32236222192645075,0,882,PASS
5,40,False,caltech,nan,nan,0.7660818713450293,nan,nan,0,37,PASS
5,40,False,abide2,0.9966044142614601,0.29037137897620846,0.6870239557739557,nan,nan,589,727,PASS
5,50,False,internal_train,nan,nan,nan,0.002750490906640257,0.3236317686736584,0,882,PASS
5,50,False,caltech,nan,nan,0.7660818713450293,nan,nan,0,37,PASS
5,50,False,abide2,0.9966044142614601,0.2905382109515029,0.6878378378378379,nan,nan,589,727,PASS
5,27,True,internal_train,nan,nan,nan,0.002888625723523469,0.3316854883730411,0,882,PASS
5,27,True,caltech,nan,nan,0.7573099415204679,nan,nan,0,37,PASS
5,27,True,abide2,0.9932088285229201,0.28953825730471805,0.6864173832923832,nan,nan,589,727,PASS
6,0,False,internal_train,nan,nan,nan,0.0021264729396762716,0.3779230946302414,0,882,PASS
6,0,False,caltech,nan,nan,0.6257309941520468,nan,nan,0,37,PASS
6,0,False,abide2,0.8157894736842105,0.1828739302905331,0.6526412776412777,nan,nan,589,727,PASS
6,1,False,internal_train,nan,nan,nan,0.0025490786198638093,0.3799316081404686,0,882,PASS
6,1,False,caltech,nan,nan,0.6169590643274855,nan,nan,0,37,PASS
6,1,False,abide2,0.8913412563667232,0.20609652935870343,0.6530405405405406,nan,nan,589,727,PASS
6,5,False,internal_train,nan,nan,nan,0.0031820572654599477,0.37274674355983733,0,882,PASS
6,5,False,caltech,nan,nan,0.6228070175438597,nan,nan,0,37,PASS
6,5,False,abide2,0.9626485568760611,0.24574938026780044,0.65625,nan,nan,589,727,PASS
6,10,False,internal_train,nan,nan,nan,0.0029440775064289992,0.3538046962022781,0,882,PASS
6,10,False,caltech,nan,nan,0.6403508771929824,nan,nan,0,37,PASS
6,10,False,abide2,0.9906621392190154,0.263381529159066,0.6672066953316953,nan,nan,589,727,PASS
6,20,False,internal_train,nan,nan,nan,0.002968152316815076,0.34701507702469825,0,882,PASS
6,20,False,caltech,nan,nan,0.6842105263157895,nan,nan,0,37,PASS
6,20,False,abide2,0.9949066213921902,0.2836335995684947,0.6779176904176905,nan,nan,589,727,PASS
6,30,False,internal_train,nan,nan,nan,0.002867851990443704,0.3374930128455162,0,882,PASS
6,30,False,caltech,nan,nan,0.7105263157894737,nan,nan,0,37,PASS
6,30,False,abide2,0.9957555178268251,0.2886425709948711,0.6795608108108109,nan,nan,589,727,PASS
6,40,False,internal_train,nan,nan,nan,0.002912784974761995,0.3373767167329788,0,882,PASS
6,40,False,caltech,nan,nan,0.7192982456140351,nan,nan,0,37,PASS
6,40,False,abide2,0.9957555178268251,0.29078683307132125,0.6803977272727272,nan,nan,589,727,PASS
6,50,False,internal_train,nan,nan,nan,0.0028803808271280207,0.3353676474094391,0,882,PASS
6,50,False,caltech,nan,nan,0.7251461988304094,nan,nan,0,37,PASS
6,50,False,abide2,0.9957555178268251,0.29106180517793656,0.6806971744471745,nan,nan,589,727,PASS
6,44,True,internal_train,nan,nan,nan,0.0028860237739379013,0.33570134326815604,0,882,PASS
6,44,True,caltech,nan,nan,0.7251461988304094,nan,nan,0,37,PASS
6,44,True,abide2,0.9957555178268251,0.2909975654231821,0.6804437960687961,nan,nan,589,727,PASS
7,0,False,internal_train,nan,nan,nan,0.003760682763242651,0.4245843888819218,0,882,PASS
7,0,False,caltech,nan,nan,0.6871345029239767,nan,nan,0,37,PASS
7,0,False,abide2,0.9405772495755518,0.23222592354366411,0.6639665233415233,nan,nan,589,727,PASS
7,1,False,internal_train,nan,nan,nan,0.003930319768672197,0.4231183372437954,0,882,PASS
7,1,False,caltech,nan,nan,0.6783625730994153,nan,nan,0,37,PASS
7,1,False,abide2,0.9439728353140917,0.24091955217577593,0.6640816953316953,nan,nan,589,727,PASS
7,5,False,internal_train,nan,nan,nan,0.003716464473539627,0.39567762821912766,0,882,PASS
7,5,False,caltech,nan,nan,0.6929824561403509,nan,nan,0,37,PASS
7,5,False,abide2,0.9719864176570459,0.26007726369485884,0.6734566953316953,nan,nan,589,727,PASS
7,10,False,internal_train,nan,nan,nan,0.003092635425575252,0.3522499074041843,0,882,PASS
7,10,False,caltech,nan,nan,0.6812865497076024,nan,nan,0,37,PASS
7,10,False,abide2,0.9923599320882852,0.27045862603938514,0.6869011056511056,nan,nan,589,727,PASS
7,20,False,internal_train,nan,nan,nan,0.002844444376416705,0.3299490460753441,0,882,PASS
7,20,False,caltech,nan,nan,0.7076023391812866,nan,nan,0,37,PASS
7,20,False,abide2,0.9966044142614601,0.28152479153809484,0.6888590294840296,nan,nan,589,727,PASS
7,30,False,internal_train,nan,nan,nan,0.002853438899705102,0.33203992903232576,0,882,PASS
7,30,False,caltech,nan,nan,0.7339181286549709,nan,nan,0,37,PASS
7,30,False,abide2,0.9966044142614601,0.285370862916107,0.6868934275184275,nan,nan,589,727,PASS
7,40,False,internal_train,nan,nan,nan,0.00283223419974607,0.3282970368117094,0,882,PASS
7,40,False,caltech,nan,nan,0.7426900584795323,nan,nan,0,37,PASS
7,40,False,abide2,0.9949066213921901,0.28743180174277394,0.686340601965602,nan,nan,589,727,PASS
7,50,False,internal_train,nan,nan,nan,0.002801502161954933,0.3267512517422438,0,882,PASS
7,50,False,caltech,nan,nan,0.7368421052631581,nan,nan,0,37,PASS
7,50,False,abide2,0.9949066213921901,0.2877576148848331,0.686455773955774,nan,nan,589,727,PASS
7,39,True,internal_train,nan,nan,nan,0.0028160800691292565,0.3275564341247082,0,882,PASS
7,39,True,caltech,nan,nan,0.7426900584795323,nan,nan,0,37,PASS
7,39,True,abide2,0.9957555178268251,0.28728104272333405,0.6867398648648649,nan,nan,589,727,PASS
8,0,False,internal_train,nan,nan,nan,0.0040157789406388145,0.41901328921318054,0,882,PASS
8,0,False,caltech,nan,nan,0.6783625730994152,nan,nan,0,37,PASS
8,0,False,abide2,0.9601018675721562,0.26164328432988226,0.65879914004914,nan,nan,589,727,PASS
8,1,False,internal_train,nan,nan,nan,0.003995328385538899,0.41734343603253365,0,882,PASS
8,1,False,caltech,nan,nan,0.6754385964912281,nan,nan,0,37,PASS
8,1,False,abide2,0.9634974533106961,0.26267224553547264,0.6594210687960688,nan,nan,589,727,PASS
8,5,False,internal_train,nan,nan,nan,0.003624056045146873,0.3915467482805252,0,882,PASS
8,5,False,caltech,nan,nan,0.6783625730994151,nan,nan,0,37,PASS
8,5,False,abide2,0.9821731748726655,0.27284414196834095,0.6671836609336609,nan,nan,589,727,PASS
8,10,False,internal_train,nan,nan,nan,0.0031123588923481493,0.3562581579387188,0,882,PASS
8,10,False,caltech,nan,nan,0.6812865497076025,nan,nan,0,37,PASS
8,10,False,abide2,0.9949066213921901,0.2835551003571175,0.6781710687960688,nan,nan,589,727,PASS
8,20,False,internal_train,nan,nan,nan,0.00287009687777362,0.33566136583685874,0,882,PASS
8,20,False,caltech,nan,nan,0.7426900584795323,nan,nan,0,37,PASS
8,20,False,abide2,0.9957555178268251,0.290217479753626,0.6859029484029484,nan,nan,589,727,PASS
8,30,False,internal_train,nan,nan,nan,0.0028148044815251017,0.3294762073457241,0,882,PASS
8,30,False,caltech,nan,nan,0.7514619883040937,nan,nan,0,37,PASS
8,30,False,abide2,0.9966044142614601,0.29206987127803896,0.6877073095823096,nan,nan,589,727,PASS
8,40,False,internal_train,nan,nan,nan,0.002675108707706597,0.3204832127690315,0,882,PASS
8,40,False,caltech,nan,nan,0.7631578947368421,nan,nan,0,37,PASS
8,40,False,abide2,0.9957555178268251,0.29278285652966785,0.6849124692874693,nan,nan,589,727,PASS
8,50,False,internal_train,nan,nan,nan,0.0026647705173458436,0.3189710532128811,0,882,PASS
8,50,False,caltech,nan,nan,0.7690058479532164,nan,nan,0,37,PASS
8,50,False,abide2,0.9966044142614601,0.2929539948424811,0.685357800982801,nan,nan,589,727,PASS
8,23,True,internal_train,nan,nan,nan,0.0027589761154878933,0.32780457466840746,0,882,PASS
8,23,True,caltech,nan,nan,0.7339181286549709,nan,nan,0,37,PASS
8,23,True,abide2,0.9966044142614601,0.29097077379482594,0.6850890663390663,nan,nan,589,727,PASS
9,0,False,internal_train,nan,nan,nan,0.003908146154340764,0.41413548588752747,0,882,PASS
9,0,False,caltech,nan,nan,0.6871345029239765,nan,nan,0,37,PASS
9,0,False,abide2,0.9371816638370118,0.24305296585296127,0.6626151719901721,nan,nan,589,727,PASS
9,1,False,internal_train,nan,nan,nan,0.003961278371719945,0.4123684091866016,0,882,PASS
9,1,False,caltech,nan,nan,0.6842105263157895,nan,nan,0,37,PASS
9,1,False,abide2,0.9414261460101867,0.24692584834219067,0.6632601351351353,nan,nan,589,727,PASS
9,5,False,internal_train,nan,nan,nan,0.003651964623378967,0.3832682226598263,0,882,PASS
9,5,False,caltech,nan,nan,0.7076023391812866,nan,nan,0,37,PASS
9,5,False,abide2,0.9711375212224109,0.2605190395476713,0.6718903562653562,nan,nan,589,727,PASS
9,10,False,internal_train,nan,nan,nan,0.003103339663360044,0.3448024035990238,0,882,PASS
9,10,False,caltech,nan,nan,0.6783625730994153,nan,nan,0,37,PASS
9,10,False,abide2,0.9923599320882852,0.27059713358272786,0.6804207616707616,nan,nan,589,727,PASS
9,20,False,internal_train,nan,nan,nan,0.002882019308380529,0.3275827232003212,0,882,PASS
9,20,False,caltech,nan,nan,0.7309941520467836,nan,nan,0,37,PASS
9,20,False,abide2,0.9957555178268251,0.28069267652733765,0.6881756756756756,nan,nan,589,727,PASS
9,30,False,internal_train,nan,nan,nan,0.0028221793138627216,0.3238020341098309,0,882,PASS
9,30,False,caltech,nan,nan,0.7397660818713452,nan,nan,0,37,PASS
9,30,False,abide2,0.9957555178268251,0.28542767909749645,0.6858645577395578,nan,nan,589,727,PASS
9,40,False,internal_train,nan,nan,nan,0.002787574303673185,0.32201291389763353,0,882,PASS
9,40,False,caltech,nan,nan,0.7543859649122807,nan,nan,0,37,PASS
9,40,False,abide2,0.9966044142614601,0.28726717347232333,0.687269656019656,nan,nan,589,727,PASS
9,50,False,internal_train,nan,nan,nan,0.002780089813428671,0.3220190516859293,0,882,PASS
9,50,False,caltech,nan,nan,0.7543859649122807,nan,nan,0,37,PASS
9,50,False,abide2,0.9966044142614601,0.28765291659378356,0.6877457002457001,nan,nan,589,727,PASS
9,2,True,internal_train,nan,nan,nan,0.003980292681683262,0.40839462742209437,0,882,PASS
9,2,True,caltech,nan,nan,0.6871345029239767,nan,nan,0,37,PASS
9,2,True,abide2,0.9422750424448217,0.25162172561368923,0.6645116707616707,nan,nan,589,727,PASS
